{"nm":"Comp 2","ddd":0,"h":600,"w":800,"meta":{"g":"@lottiefiles/toolkit-js 0.25.8"},"layers":[{"ty":4,"nm":"Layer 5 Outlines","sr":1,"st":-75,"op":251,"ip":0,"hd":false,"ddd":0,"bm":0,"hasMask":false,"ao":0,"ks":{"a":{"a":0,"k":[38.523,25.958,0],"ix":1},"s":{"a":0,"k":[100,100,100],"ix":6},"sk":{"a":0,"k":0},"p":{"a":0,"k":[191.898,55.739,0],"ix":2},"r":{"a":0,"k":0,"ix":10},"sa":{"a":0,"k":0},"o":{"a":0,"k":100,"ix":11}},"ef":[],"shapes":[{"ty":"gr","bm":0,"hd":false,"mn":"ADBE Vector Group","nm":"Group 123","ix":1,"cix":2,"np":4,"it":[{"ty":"sh","bm":0,"hd":false,"mn":"ADBE Vector Shape - Group","nm":"Path 1","ix":1,"d":1,"ks":{"a":0,"k":{"c":true,"i":[[0.09,11.108],[-2.726,2.76],[-10.735,0],[-2.114,-10.317],[2.535,-3.101],[11.641,0]],"o":[[-0.023,-3.201],[5.452,-5.486],[17.069,0],[0.714,3.518],[-4.988,6.118],[-18.563,0]],"v":[[-33.647,-1.551],[-29.575,-10.531],[-3.716,-19.298],[31.067,-0.599],[28.329,9.379],[1.363,19.298]]},"ix":2}},{"ty":"sh","bm":0,"hd":false,"mn":"ADBE Vector Shape - Group","nm":"Path 2","ix":2,"d":1,"ks":{"a":0,"k":{"c":true,"i":[[-0.102,-12.669],[-21.718,0],[2.783,13.574],[19.139,0]],"o":[[0.112,13.574],[21.708,0],[-2.59,-12.669],[-19.128,0]],"v":[[-38.171,-1.505],[1.363,23.822],[35.49,-1.505],[-3.716,-23.822]]},"ix":2}},{"ty":"mm","bm":0,"hd":false,"mn":"ADBE Vector Filter - Merge","nm":"Merge Paths 1","mm":1},{"ty":"fl","bm":0,"hd":false,"mn":"ADBE Vector Graphic - Fill","nm":"Fill 1","c":{"a":0,"k":[1,1,1],"ix":4},"r":1,"o":{"a":0,"k":100,"ix":5}},{"ty":"tr","a":{"a":0,"k":[0,0],"ix":1},"s":{"a":0,"k":[100,100],"ix":3},"sk":{"a":0,"k":0,"ix":4},"p":{"a":0,"k":[38.523,24.071],"ix":2},"r":{"a":0,"k":0,"ix":6},"sa":{"a":0,"k":0,"ix":5},"o":{"a":0,"k":100,"ix":7}}]},{"ty":"gr","bm":0,"hd":false,"mn":"ADBE Vector Group","nm":"Group 124","ix":2,"cix":2,"np":2,"it":[{"ty":"sh","bm":0,"hd":false,"mn":"ADBE Vector Shape - Group","nm":"Path 1","ix":1,"d":1,"ks":{"a":0,"k":{"c":true,"i":[[-1.462,0.99],[-1.014,0],[-0.825,-0.489],[1.452,-1],[1.661,1.006]],"o":[[0.727,-0.489],[1.015,0],[1.661,0.99],[-1.46,1.006],[-1.654,-1]],"v":[[-2.994,-1.937],[-0.263,-2.673],[2.616,-1.937],[3.004,1.667],[-2.659,1.667]]},"ix":2}},{"ty":"fl","bm":0,"hd":false,"mn":"ADBE Vector Graphic - Fill","nm":"Fill 1","c":{"a":0,"k":[0.9373,0.3686,0.3608],"ix":4},"r":1,"o":{"a":0,"k":100,"ix":5}},{"ty":"tr","a":{"a":0,"k":[0,0],"ix":1},"s":{"a":0,"k":[100,100],"ix":3},"sk":{"a":0,"k":0,"ix":4},"p":{"a":0,"k":[37.251,23.067],"ix":2},"r":{"a":0,"k":0,"ix":6},"sa":{"a":0,"k":0,"ix":5},"o":{"a":0,"k":100,"ix":7}}]},{"ty":"gr","bm":0,"hd":false,"mn":"ADBE Vector Group","nm":"Group 125","ix":3,"cix":2,"np":2,"it":[{"ty":"sh","bm":0,"hd":false,"mn":"ADBE Vector Shape - Group","nm":"Path 1","ix":1,"d":1,"ks":{"a":0,"k":{"c":true,"i":[[-0.663,0.449],[-1.651,-0.982],[0.003,-0.712],[0,0],[0.649,-0.449],[1.661,1.006],[-0.013,0.709],[0,0]],"o":[[1.455,-0.982],[0.907,0.542],[0,0],[-0.009,0.58],[-1.46,1.006],[-0.902,-0.548],[0,0],[0.012,-0.59]],"v":[[-2.981,-2.992],[2.631,-2.992],[4,-1.013],[3.999,1.369],[3.018,2.968],[-2.646,2.968],[-3.99,0.982],[-3.99,-1.373]]},"ix":2}},{"ty":"fl","bm":0,"hd":false,"mn":"ADBE Vector Graphic - Fill","nm":"Fill 1","c":{"a":0,"k":[0.9373,0.3686,0.3608],"ix":4},"r":1,"o":{"a":0,"k":100,"ix":5}},{"ty":"tr","a":{"a":0,"k":[0,0],"ix":1},"s":{"a":0,"k":[100,100],"ix":3},"sk":{"a":0,"k":0,"ix":4},"p":{"a":0,"k":[37.238,24.121],"ix":2},"r":{"a":0,"k":0,"ix":6},"sa":{"a":0,"k":0,"ix":5},"o":{"a":0,"k":100,"ix":7}}]},{"ty":"gr","bm":0,"hd":false,"mn":"ADBE Vector Group","nm":"Group 126","ix":4,"cix":2,"np":2,"it":[{"ty":"sh","bm":0,"hd":false,"mn":"ADBE Vector Shape - Group","nm":"Path 1","ix":1,"d":1,"ks":{"a":0,"k":{"c":true,"i":[[-4.239,0],[-0.353,-2.762],[4.357,0],[0.242,2.803]],"o":[[4.24,0],[0.359,2.803],[-4.356,0],[-0.238,-2.762]],"v":[[-0.593,-5.039],[7.72,-0.068],[0.487,5.039],[-7.841,-0.068]]},"ix":2}},{"ty":"fl","bm":0,"hd":false,"mn":"ADBE Vector Graphic - Fill","nm":"Fill 1","c":{"a":0,"k":[0.9373,0.3686,0.3608],"ix":4},"r":1,"o":{"a":0,"k":100,"ix":5}},{"ty":"tr","a":{"a":0,"k":[0,0],"ix":1},"s":{"a":0,"k":[100,100],"ix":3},"sk":{"a":0,"k":0,"ix":4},"p":{"a":0,"k":[37.297,26.275],"ix":2},"r":{"a":0,"k":0,"ix":6},"sa":{"a":0,"k":0,"ix":5},"o":{"a":0,"k":100,"ix":7}}]},{"ty":"gr","bm":0,"hd":false,"mn":"ADBE Vector Group","nm":"Group 127","ix":5,"cix":2,"np":2,"it":[{"ty":"sh","bm":0,"hd":false,"mn":"ADBE Vector Shape - Group","nm":"Path 1","ix":1,"d":1,"ks":{"a":0,"k":{"c":true,"i":[[0,0],[-4.357,0],[-0.073,2.565],[0,0],[4.14,0],[0.241,2.803]],"o":[[0,2.803],[4.086,0],[0,0],[0.007,2.611],[-4.356,0],[-0.013,-0.154]],"v":[[-7.704,-6.136],[0.562,-1.028],[7.779,-5.621],[7.768,1.444],[0.537,6.136],[-7.766,1.027]]},"ix":2}},{"ty":"fl","bm":0,"hd":false,"mn":"ADBE Vector Graphic - Fill","nm":"Fill 1","c":{"a":0,"k":[0.9373,0.3686,0.3608],"ix":4},"r":1,"o":{"a":0,"k":100,"ix":5}},{"ty":"tr","a":{"a":0,"k":[0,0],"ix":1},"s":{"a":0,"k":[100,100],"ix":3},"sk":{"a":0,"k":0,"ix":4},"p":{"a":0,"k":[37.286,32.342],"ix":2},"r":{"a":0,"k":0,"ix":6},"sa":{"a":0,"k":0,"ix":5},"o":{"a":0,"k":100,"ix":7}}]},{"ty":"gr","bm":0,"hd":false,"mn":"ADBE Vector Group","nm":"Group 128","ix":6,"cix":2,"np":2,"it":[{"ty":"sh","bm":0,"hd":false,"mn":"ADBE Vector Shape - Group","nm":"Path 1","ix":1,"d":1,"ks":{"a":0,"k":{"c":true,"i":[[0,-0.007],[0,0],[0,0]],"o":[[0,0],[0,0],[-0.002,0.007]],"v":[[-0.002,0.01],[-0.002,-0.01],[0.002,-0.01]]},"ix":2}},{"ty":"fl","bm":0,"hd":false,"mn":"ADBE Vector Graphic - Fill","nm":"Fill 1","c":{"a":0,"k":[0.3804,0.3804,0.3804],"ix":4},"r":1,"o":{"a":0,"k":100,"ix":5}},{"ty":"tr","a":{"a":0,"k":[0,0],"ix":1},"s":{"a":0,"k":[100,100],"ix":3},"sk":{"a":0,"k":0,"ix":4},"p":{"a":0,"k":[29.189,25.657],"ix":2},"r":{"a":0,"k":0,"ix":6},"sa":{"a":0,"k":0,"ix":5},"o":{"a":0,"k":100,"ix":7}}]},{"ty":"gr","bm":0,"hd":false,"mn":"ADBE Vector Group","nm":"Group 129","ix":7,"cix":2,"np":4,"it":[{"ty":"sh","bm":0,"hd":false,"mn":"ADBE Vector Shape - Group","nm":"Path 1","ix":1,"d":1,"ks":{"a":0,"k":{"c":true,"i":[[0.09,11.108],[-2.726,2.76],[-10.735,0],[-2.114,-10.317],[2.535,-3.099],[11.641,0]],"o":[[-0.023,-3.201],[5.452,-5.486],[17.069,0],[0.714,3.516],[-4.988,6.12],[-18.563,0]],"v":[[-32.832,-1.55],[-28.76,-10.53],[-2.901,-19.296],[31.882,-0.598],[29.143,9.377],[2.177,19.298]]},"ix":2}},{"ty":"sh","bm":0,"hd":false,"mn":"ADBE Vector Shape - Group","nm":"Path 2","ix":2,"d":1,"ks":{"a":0,"k":{"c":true,"i":[[0,0],[-0.003,-0.286],[-21.718,0],[0.726,12.574],[0,0],[34.402,0]],"o":[[0,0],[0.112,13.573],[20.47,0],[0,0],[0,0],[-26.093,0]],"v":[[-37.341,-6.181],[-37.357,-1.504],[2.177,23.822],[36.634,0.798],[36.63,-1.861],[-2.901,-23.822]]},"ix":2}},{"ty":"mm","bm":0,"hd":false,"mn":"ADBE Vector Filter - Merge","nm":"Merge Paths 1","mm":1},{"ty":"fl","bm":0,"hd":false,"mn":"ADBE Vector Graphic - Fill","nm":"Fill 1","c":{"a":0,"k":[0.9373,0.3686,0.3608],"ix":4},"r":1,"o":{"a":0,"k":100,"ix":5}},{"ty":"tr","a":{"a":0,"k":[0,0],"ix":1},"s":{"a":0,"k":[100,100],"ix":3},"sk":{"a":0,"k":0,"ix":4},"p":{"a":0,"k":[37.708,27.843],"ix":2},"r":{"a":0,"k":0,"ix":6},"sa":{"a":0,"k":0,"ix":5},"o":{"a":0,"k":100,"ix":7}}]}],"ind":1,"parent":9},{"ty":4,"nm":"Layer 65 Outlines","sr":1,"st":-75,"op":251,"ip":0,"hd":false,"ddd":0,"bm":0,"hasMask":false,"ao":0,"ks":{"a":{"a":0,"k":[38.523,25.958,0],"ix":1},"s":{"a":0,"k":[100,100,100],"ix":6},"sk":{"a":0,"k":0},"p":{"a":0,"k":[94.839,-9.719,0],"ix":2},"r":{"a":0,"k":0,"ix":10},"sa":{"a":0,"k":0},"o":{"a":0,"k":100,"ix":11}},"ef":[],"shapes":[{"ty":"gr","bm":0,"hd":false,"mn":"ADBE Vector Group","nm":"Group 123","ix":1,"cix":2,"np":4,"it":[{"ty":"sh","bm":0,"hd":false,"mn":"ADBE Vector Shape - Group","nm":"Path 1","ix":1,"d":1,"ks":{"a":0,"k":{"c":true,"i":[[0.09,11.106],[-2.725,2.759],[-10.735,0],[-2.115,-10.317],[2.535,-3.101],[11.64,0]],"o":[[-0.023,-3.203],[5.453,-5.487],[17.069,0],[0.713,3.519],[-4.988,6.118],[-18.563,0]],"v":[[-33.647,-1.549],[-29.576,-10.531],[-3.716,-19.298],[31.068,-0.6],[28.329,9.378],[1.363,19.297]]},"ix":2}},{"ty":"sh","bm":0,"hd":false,"mn":"ADBE Vector Shape - Group","nm":"Path 2","ix":2,"d":1,"ks":{"a":0,"k":{"c":true,"i":[[-0.101,-12.669],[-21.718,0],[2.783,13.573],[19.139,0]],"o":[[0.113,13.573],[21.707,0],[-2.59,-12.669],[-19.128,0]],"v":[[-38.172,-1.505],[1.363,23.822],[35.49,-1.505],[-3.716,-23.822]]},"ix":2}},{"ty":"mm","bm":0,"hd":false,"mn":"ADBE Vector Filter - Merge","nm":"Merge Paths 1","mm":1},{"ty":"fl","bm":0,"hd":false,"mn":"ADBE Vector Graphic - Fill","nm":"Fill 1","c":{"a":0,"k":[1,1,1],"ix":4},"r":1,"o":{"a":0,"k":100,"ix":5}},{"ty":"tr","a":{"a":0,"k":[0,0],"ix":1},"s":{"a":0,"k":[100,100],"ix":3},"sk":{"a":0,"k":0,"ix":4},"p":{"a":0,"k":[38.523,24.072],"ix":2},"r":{"a":0,"k":0,"ix":6},"sa":{"a":0,"k":0,"ix":5},"o":{"a":0,"k":100,"ix":7}}]},{"ty":"gr","bm":0,"hd":false,"mn":"ADBE Vector Group","nm":"Group 124","ix":2,"cix":2,"np":2,"it":[{"ty":"sh","bm":0,"hd":false,"mn":"ADBE Vector Shape - Group","nm":"Path 1","ix":1,"d":1,"ks":{"a":0,"k":{"c":true,"i":[[-1.462,0.99],[-1.014,0],[-0.824,-0.491],[1.452,-1],[1.662,1.006]],"o":[[0.727,-0.491],[1.015,0],[1.66,0.99],[-1.46,1.006],[-1.653,-1]],"v":[[-2.994,-1.937],[-0.263,-2.674],[2.616,-1.937],[3.004,1.667],[-2.66,1.667]]},"ix":2}},{"ty":"fl","bm":0,"hd":false,"mn":"ADBE Vector Graphic - Fill","nm":"Fill 1","c":{"a":0,"k":[0.9373,0.3686,0.3608],"ix":4},"r":1,"o":{"a":0,"k":100,"ix":5}},{"ty":"tr","a":{"a":0,"k":[0,0],"ix":1},"s":{"a":0,"k":[100,100],"ix":3},"sk":{"a":0,"k":0,"ix":4},"p":{"a":0,"k":[37.251,23.067],"ix":2},"r":{"a":0,"k":0,"ix":6},"sa":{"a":0,"k":0,"ix":5},"o":{"a":0,"k":100,"ix":7}}]},{"ty":"gr","bm":0,"hd":false,"mn":"ADBE Vector Group","nm":"Group 125","ix":3,"cix":2,"np":2,"it":[{"ty":"sh","bm":0,"hd":false,"mn":"ADBE Vector Shape - Group","nm":"Path 1","ix":1,"d":1,"ks":{"a":0,"k":{"c":true,"i":[[-0.663,0.451],[-1.651,-0.982],[0.003,-0.709],[0,0],[0.649,-0.449],[1.662,1.006],[-0.014,0.709],[0,0]],"o":[[1.455,-0.982],[0.906,0.541],[0,0],[-0.009,0.581],[-1.46,1.006],[-0.903,-0.548],[0,0],[0.011,-0.59]],"v":[[-2.981,-2.992],[2.631,-2.992],[4,-1.014],[3.999,1.367],[3.018,2.968],[-2.647,2.968],[-3.988,0.982],[-3.988,-1.373]]},"ix":2}},{"ty":"fl","bm":0,"hd":false,"mn":"ADBE Vector Graphic - Fill","nm":"Fill 1","c":{"a":0,"k":[0.9373,0.3686,0.3608],"ix":4},"r":1,"o":{"a":0,"k":100,"ix":5}},{"ty":"tr","a":{"a":0,"k":[0,0],"ix":1},"s":{"a":0,"k":[100,100],"ix":3},"sk":{"a":0,"k":0,"ix":4},"p":{"a":0,"k":[37.238,24.122],"ix":2},"r":{"a":0,"k":0,"ix":6},"sa":{"a":0,"k":0,"ix":5},"o":{"a":0,"k":100,"ix":7}}]},{"ty":"gr","bm":0,"hd":false,"mn":"ADBE Vector Group","nm":"Group 126","ix":4,"cix":2,"np":2,"it":[{"ty":"sh","bm":0,"hd":false,"mn":"ADBE Vector Shape - Group","nm":"Path 1","ix":1,"d":1,"ks":{"a":0,"k":{"c":true,"i":[[-4.239,0],[-0.353,-2.761],[4.356,0],[0.242,2.804]],"o":[[4.24,0],[0.359,2.804],[-4.356,0],[-0.238,-2.761]],"v":[[-0.593,-5.039],[7.72,-0.069],[0.487,5.039],[-7.841,-0.069]]},"ix":2}},{"ty":"fl","bm":0,"hd":false,"mn":"ADBE Vector Graphic - Fill","nm":"Fill 1","c":{"a":0,"k":[0.9373,0.3686,0.3608],"ix":4},"r":1,"o":{"a":0,"k":100,"ix":5}},{"ty":"tr","a":{"a":0,"k":[0,0],"ix":1},"s":{"a":0,"k":[100,100],"ix":3},"sk":{"a":0,"k":0,"ix":4},"p":{"a":0,"k":[37.297,26.275],"ix":2},"r":{"a":0,"k":0,"ix":6},"sa":{"a":0,"k":0,"ix":5},"o":{"a":0,"k":100,"ix":7}}]},{"ty":"gr","bm":0,"hd":false,"mn":"ADBE Vector Group","nm":"Group 127","ix":5,"cix":2,"np":2,"it":[{"ty":"sh","bm":0,"hd":false,"mn":"ADBE Vector Shape - Group","nm":"Path 1","ix":1,"d":1,"ks":{"a":0,"k":{"c":true,"i":[[0,0],[-4.357,0],[-0.073,2.566],[0,0],[4.14,0],[0.24,2.804]],"o":[[0,2.804],[4.086,0],[0,0],[0.008,2.611],[-4.356,0],[-0.014,-0.154]],"v":[[-7.704,-6.136],[0.561,-1.029],[7.78,-5.621],[7.767,1.443],[0.537,6.136],[-7.766,1.027]]},"ix":2}},{"ty":"fl","bm":0,"hd":false,"mn":"ADBE Vector Graphic - Fill","nm":"Fill 1","c":{"a":0,"k":[0.9373,0.3686,0.3608],"ix":4},"r":1,"o":{"a":0,"k":100,"ix":5}},{"ty":"tr","a":{"a":0,"k":[0,0],"ix":1},"s":{"a":0,"k":[100,100],"ix":3},"sk":{"a":0,"k":0,"ix":4},"p":{"a":0,"k":[37.286,32.342],"ix":2},"r":{"a":0,"k":0,"ix":6},"sa":{"a":0,"k":0,"ix":5},"o":{"a":0,"k":100,"ix":7}}]},{"ty":"gr","bm":0,"hd":false,"mn":"ADBE Vector Group","nm":"Group 128","ix":6,"cix":2,"np":2,"it":[{"ty":"sh","bm":0,"hd":false,"mn":"ADBE Vector Shape - Group","nm":"Path 1","ix":1,"d":1,"ks":{"a":0,"k":{"c":true,"i":[[0,-0.007],[0,0],[0,0]],"o":[[0,0],[0,0],[-0.002,0.007]],"v":[[-0.001,0.01],[-0.001,-0.01],[0.001,-0.01]]},"ix":2}},{"ty":"fl","bm":0,"hd":false,"mn":"ADBE Vector Graphic - Fill","nm":"Fill 1","c":{"a":0,"k":[0.3804,0.3804,0.3804],"ix":4},"r":1,"o":{"a":0,"k":100,"ix":5}},{"ty":"tr","a":{"a":0,"k":[0,0],"ix":1},"s":{"a":0,"k":[100,100],"ix":3},"sk":{"a":0,"k":0,"ix":4},"p":{"a":0,"k":[29.189,25.658],"ix":2},"r":{"a":0,"k":0,"ix":6},"sa":{"a":0,"k":0,"ix":5},"o":{"a":0,"k":100,"ix":7}}]},{"ty":"gr","bm":0,"hd":false,"mn":"ADBE Vector Group","nm":"Group 129","ix":7,"cix":2,"np":4,"it":[{"ty":"sh","bm":0,"hd":false,"mn":"ADBE Vector Shape - Group","nm":"Path 1","ix":1,"d":1,"ks":{"a":0,"k":{"c":true,"i":[[0.09,11.108],[-2.725,2.759],[-10.735,0],[-2.115,-10.316],[2.535,-3.098],[11.64,0]],"o":[[-0.023,-3.201],[5.453,-5.487],[17.069,0],[0.713,3.517],[-4.988,6.12],[-18.563,0]],"v":[[-32.832,-1.55],[-28.761,-10.53],[-2.901,-19.297],[31.883,-0.599],[29.143,9.377],[2.177,19.298]]},"ix":2}},{"ty":"sh","bm":0,"hd":false,"mn":"ADBE Vector Shape - Group","nm":"Path 2","ix":2,"d":1,"ks":{"a":0,"k":{"c":true,"i":[[0,0],[-0.002,-0.284],[-21.718,0],[0.726,12.574],[0,0],[34.402,0]],"o":[[0,0],[0.113,13.573],[20.47,0],[0,0],[0,0],[-26.093,0]],"v":[[-37.341,-6.18],[-37.357,-1.504],[2.177,23.823],[36.634,0.798],[36.63,-1.861],[-2.901,-23.823]]},"ix":2}},{"ty":"mm","bm":0,"hd":false,"mn":"ADBE Vector Filter - Merge","nm":"Merge Paths 1","mm":1},{"ty":"fl","bm":0,"hd":false,"mn":"ADBE Vector Graphic - Fill","nm":"Fill 1","c":{"a":0,"k":[0.9373,0.3686,0.3608],"ix":4},"r":1,"o":{"a":0,"k":100,"ix":5}},{"ty":"tr","a":{"a":0,"k":[0,0],"ix":1},"s":{"a":0,"k":[100,100],"ix":3},"sk":{"a":0,"k":0,"ix":4},"p":{"a":0,"k":[37.708,27.844],"ix":2},"r":{"a":0,"k":0,"ix":6},"sa":{"a":0,"k":0,"ix":5},"o":{"a":0,"k":100,"ix":7}}]}],"ind":2,"parent":9},{"ty":4,"nm":"Layer 66 Outlines","sr":1,"st":-75,"op":251,"ip":0,"hd":false,"ddd":0,"bm":0,"hasMask":false,"ao":0,"ks":{"a":{"a":0,"k":[38.523,25.959,0],"ix":1},"s":{"a":0,"k":[100,100,100],"ix":6},"sk":{"a":0,"k":0},"p":{"a":0,"k":[5.68,48.967,0],"ix":2},"r":{"a":0,"k":0,"ix":10},"sa":{"a":0,"k":0},"o":{"a":0,"k":100,"ix":11}},"ef":[],"shapes":[{"ty":"gr","bm":0,"hd":false,"mn":"ADBE Vector Group","nm":"Group 122","ix":1,"cix":2,"np":4,"it":[{"ty":"sh","bm":0,"hd":false,"mn":"ADBE Vector Shape - Group","nm":"Path 1","ix":1,"d":1,"ks":{"a":0,"k":{"c":true,"i":[[0.091,11.108],[-2.726,2.76],[-10.735,0],[-2.115,-10.317],[2.535,-3.099],[11.639,0]],"o":[[-0.022,-3.201],[5.452,-5.486],[17.068,0],[0.713,3.516],[-4.988,6.12],[-18.564,0]],"v":[[-33.647,-1.55],[-29.574,-10.53],[-3.716,-19.296],[31.068,-0.598],[28.33,9.377],[1.364,19.298]]},"ix":2}},{"ty":"sh","bm":0,"hd":false,"mn":"ADBE Vector Shape - Group","nm":"Path 2","ix":2,"d":1,"ks":{"a":0,"k":{"c":true,"i":[[-0.102,-12.67],[-21.719,0],[2.783,13.573],[19.138,0]],"o":[[0.112,13.573],[21.707,0],[-2.59,-12.67],[-19.129,0]],"v":[[-38.172,-1.504],[1.364,23.822],[35.491,-1.504],[-3.716,-23.822]]},"ix":2}},{"ty":"mm","bm":0,"hd":false,"mn":"ADBE Vector Filter - Merge","nm":"Merge Paths 1","mm":1},{"ty":"fl","bm":0,"hd":false,"mn":"ADBE Vector Graphic - Fill","nm":"Fill 1","c":{"a":0,"k":[1,1,1],"ix":4},"r":1,"o":{"a":0,"k":100,"ix":5}},{"ty":"tr","a":{"a":0,"k":[0,0],"ix":1},"s":{"a":0,"k":[100,100],"ix":3},"sk":{"a":0,"k":0,"ix":4},"p":{"a":0,"k":[38.523,24.073],"ix":2},"r":{"a":0,"k":0,"ix":6},"sa":{"a":0,"k":0,"ix":5},"o":{"a":0,"k":100,"ix":7}}]},{"ty":"gr","bm":0,"hd":false,"mn":"ADBE Vector Group","nm":"Group 123","ix":2,"cix":2,"np":2,"it":[{"ty":"sh","bm":0,"hd":false,"mn":"ADBE Vector Shape - Group","nm":"Path 1","ix":1,"d":1,"ks":{"a":0,"k":{"c":true,"i":[[-1.463,0.99],[-1.015,0],[-0.825,-0.491],[1.452,-1.002],[1.662,1.007]],"o":[[0.727,-0.491],[1.015,0],[1.661,0.99],[-1.459,1.007],[-1.652,-1.002]],"v":[[-2.993,-1.938],[-0.262,-2.673],[2.617,-1.938],[3.004,1.666],[-2.66,1.666]]},"ix":2}},{"ty":"fl","bm":0,"hd":false,"mn":"ADBE Vector Graphic - Fill","nm":"Fill 1","c":{"a":0,"k":[0.9373,0.3686,0.3608],"ix":4},"r":1,"o":{"a":0,"k":100,"ix":5}},{"ty":"tr","a":{"a":0,"k":[0,0],"ix":1},"s":{"a":0,"k":[100,100],"ix":3},"sk":{"a":0,"k":0,"ix":4},"p":{"a":0,"k":[37.251,23.069],"ix":2},"r":{"a":0,"k":0,"ix":6},"sa":{"a":0,"k":0,"ix":5},"o":{"a":0,"k":100,"ix":7}}]},{"ty":"gr","bm":0,"hd":false,"mn":"ADBE Vector Group","nm":"Group 124","ix":3,"cix":2,"np":2,"it":[{"ty":"sh","bm":0,"hd":false,"mn":"ADBE Vector Shape - Group","nm":"Path 1","ix":1,"d":1,"ks":{"a":0,"k":{"c":true,"i":[[-0.663,0.449],[-1.651,-0.982],[0.001,-0.711],[0,0],[0.648,-0.448],[1.663,1.007],[-0.013,0.711],[0,0]],"o":[[1.455,-0.982],[0.906,0.541],[0,0],[-0.01,0.58],[-1.461,1.007],[-0.902,-0.546],[0,0],[0.011,-0.592]],"v":[[-2.981,-2.992],[2.63,-2.992],[4.001,-1.013],[4,1.369],[3.018,2.966],[-2.648,2.966],[-3.989,0.979],[-3.989,-1.373]]},"ix":2}},{"ty":"fl","bm":0,"hd":false,"mn":"ADBE Vector Graphic - Fill","nm":"Fill 1","c":{"a":0,"k":[0.9373,0.3686,0.3608],"ix":4},"r":1,"o":{"a":0,"k":100,"ix":5}},{"ty":"tr","a":{"a":0,"k":[0,0],"ix":1},"s":{"a":0,"k":[100,100],"ix":3},"sk":{"a":0,"k":0,"ix":4},"p":{"a":0,"k":[37.238,24.123],"ix":2},"r":{"a":0,"k":0,"ix":6},"sa":{"a":0,"k":0,"ix":5},"o":{"a":0,"k":100,"ix":7}}]},{"ty":"gr","bm":0,"hd":false,"mn":"ADBE Vector Group","nm":"Group 125","ix":4,"cix":2,"np":2,"it":[{"ty":"sh","bm":0,"hd":false,"mn":"ADBE Vector Shape - Group","nm":"Path 1","ix":1,"d":1,"ks":{"a":0,"k":{"c":true,"i":[[-4.239,0],[-0.354,-2.762],[4.356,0],[0.242,2.804]],"o":[[4.24,0],[0.358,2.804],[-4.357,0],[-0.238,-2.762]],"v":[[-0.592,-5.039],[7.721,-0.068],[0.487,5.039],[-7.841,-0.068]]},"ix":2}},{"ty":"fl","bm":0,"hd":false,"mn":"ADBE Vector Graphic - Fill","nm":"Fill 1","c":{"a":0,"k":[0.9373,0.3686,0.3608],"ix":4},"r":1,"o":{"a":0,"k":100,"ix":5}},{"ty":"tr","a":{"a":0,"k":[0,0],"ix":1},"s":{"a":0,"k":[100,100],"ix":3},"sk":{"a":0,"k":0,"ix":4},"p":{"a":0,"k":[37.297,26.276],"ix":2},"r":{"a":0,"k":0,"ix":6},"sa":{"a":0,"k":0,"ix":5},"o":{"a":0,"k":100,"ix":7}}]},{"ty":"gr","bm":0,"hd":false,"mn":"ADBE Vector Group","nm":"Group 126","ix":5,"cix":2,"np":2,"it":[{"ty":"sh","bm":0,"hd":false,"mn":"ADBE Vector Shape - Group","nm":"Path 1","ix":1,"d":1,"ks":{"a":0,"k":{"c":true,"i":[[0,0],[-4.356,0],[-0.073,2.564],[0,0],[4.14,0],[0.242,2.804]],"o":[[0,2.804],[4.086,0],[0,0],[0.007,2.613],[-4.356,0],[-0.014,-0.156]],"v":[[-7.703,-6.135],[0.562,-1.028],[7.78,-5.62],[7.768,1.442],[0.538,6.135],[-7.766,1.028]]},"ix":2}},{"ty":"fl","bm":0,"hd":false,"mn":"ADBE Vector Graphic - Fill","nm":"Fill 1","c":{"a":0,"k":[0.9373,0.3686,0.3608],"ix":4},"r":1,"o":{"a":0,"k":100,"ix":5}},{"ty":"tr","a":{"a":0,"k":[0,0],"ix":1},"s":{"a":0,"k":[100,100],"ix":3},"sk":{"a":0,"k":0,"ix":4},"p":{"a":0,"k":[37.286,32.343],"ix":2},"r":{"a":0,"k":0,"ix":6},"sa":{"a":0,"k":0,"ix":5},"o":{"a":0,"k":100,"ix":7}}]},{"ty":"gr","bm":0,"hd":false,"mn":"ADBE Vector Group","nm":"Group 127","ix":6,"cix":2,"np":2,"it":[{"ty":"sh","bm":0,"hd":false,"mn":"ADBE Vector Shape - Group","nm":"Path 1","ix":1,"d":1,"ks":{"a":0,"k":{"c":true,"i":[[0,-0.005],[0,0],[0,0]],"o":[[0,0],[0,0],[-0.002,0.006]],"v":[[-0.002,0.009],[-0.002,-0.009],[0.002,-0.009]]},"ix":2}},{"ty":"fl","bm":0,"hd":false,"mn":"ADBE Vector Graphic - Fill","nm":"Fill 1","c":{"a":0,"k":[0.3804,0.3804,0.3804],"ix":4},"r":1,"o":{"a":0,"k":100,"ix":5}},{"ty":"tr","a":{"a":0,"k":[0,0],"ix":1},"s":{"a":0,"k":[100,100],"ix":3},"sk":{"a":0,"k":0,"ix":4},"p":{"a":0,"k":[29.19,25.658],"ix":2},"r":{"a":0,"k":0,"ix":6},"sa":{"a":0,"k":0,"ix":5},"o":{"a":0,"k":100,"ix":7}}]},{"ty":"gr","bm":0,"hd":false,"mn":"ADBE Vector Group","nm":"Group 128","ix":7,"cix":2,"np":4,"it":[{"ty":"sh","bm":0,"hd":false,"mn":"ADBE Vector Shape - Group","nm":"Path 1","ix":1,"d":1,"ks":{"a":0,"k":{"c":true,"i":[[0.091,11.106],[-2.726,2.759],[-10.735,0],[-2.115,-10.316],[2.535,-3.099],[11.639,0]],"o":[[-0.022,-3.203],[5.452,-5.485],[17.068,0],[0.713,3.518],[-4.988,6.118],[-18.564,0]],"v":[[-32.833,-1.55],[-28.76,-10.532],[-2.901,-19.298],[31.882,-0.6],[29.144,9.377],[2.178,19.298]]},"ix":2}},{"ty":"sh","bm":0,"hd":false,"mn":"ADBE Vector Shape - Group","nm":"Path 2","ix":2,"d":1,"ks":{"a":0,"k":{"c":true,"i":[[0,0],[-0.002,-0.284],[-21.719,0],[0.726,12.574],[0,0],[34.401,0]],"o":[[0,0],[0.112,13.575],[20.47,0],[0,0],[0,0],[-26.094,0]],"v":[[-37.34,-6.179],[-37.357,-1.506],[2.178,23.822],[36.633,0.796],[36.631,-1.861],[-2.901,-23.822]]},"ix":2}},{"ty":"mm","bm":0,"hd":false,"mn":"ADBE Vector Filter - Merge","nm":"Merge Paths 1","mm":1},{"ty":"fl","bm":0,"hd":false,"mn":"ADBE Vector Graphic - Fill","nm":"Fill 1","c":{"a":0,"k":[0.9373,0.3686,0.3608],"ix":4},"r":1,"o":{"a":0,"k":100,"ix":5}},{"ty":"tr","a":{"a":0,"k":[0,0],"ix":1},"s":{"a":0,"k":[100,100],"ix":3},"sk":{"a":0,"k":0,"ix":4},"p":{"a":0,"k":[37.709,27.845],"ix":2},"r":{"a":0,"k":0,"ix":6},"sa":{"a":0,"k":0,"ix":5},"o":{"a":0,"k":100,"ix":7}}]}],"ind":3,"parent":9},{"ty":4,"nm":"Layer 67 Outlines","sr":1,"st":-75,"op":251,"ip":0,"hd":false,"ddd":0,"bm":0,"hasMask":false,"ao":0,"ks":{"a":{"a":0,"k":[38.523,25.958,0],"ix":1},"s":{"a":0,"k":[100,100,100],"ix":6},"sk":{"a":0,"k":0},"p":{"a":0,"k":[100.482,120.069,0],"ix":2},"r":{"a":0,"k":0,"ix":10},"sa":{"a":0,"k":0},"o":{"a":0,"k":100,"ix":11}},"ef":[],"shapes":[{"ty":"gr","bm":0,"hd":false,"mn":"ADBE Vector Group","nm":"Group 122","ix":1,"cix":2,"np":4,"it":[{"ty":"sh","bm":0,"hd":false,"mn":"ADBE Vector Shape - Group","nm":"Path 1","ix":1,"d":1,"ks":{"a":0,"k":{"c":true,"i":[[0.09,11.106],[-2.726,2.759],[-10.735,0],[-2.114,-10.317],[2.535,-3.1],[11.64,0]],"o":[[-0.023,-3.203],[5.452,-5.487],[17.069,0],[0.713,3.519],[-4.988,6.118],[-18.563,0]],"v":[[-33.647,-1.549],[-29.575,-10.531],[-3.716,-19.298],[31.067,-0.6],[28.329,9.378],[1.363,19.297]]},"ix":2}},{"ty":"sh","bm":0,"hd":false,"mn":"ADBE Vector Shape - Group","nm":"Path 2","ix":2,"d":1,"ks":{"a":0,"k":{"c":true,"i":[[-0.101,-12.669],[-21.719,0],[2.783,13.575],[19.139,0]],"o":[[0.113,13.575],[21.707,0],[-2.59,-12.669],[-19.128,0]],"v":[[-38.172,-1.505],[1.363,23.822],[35.49,-1.505],[-3.716,-23.822]]},"ix":2}},{"ty":"mm","bm":0,"hd":false,"mn":"ADBE Vector Filter - Merge","nm":"Merge Paths 1","mm":1},{"ty":"fl","bm":0,"hd":false,"mn":"ADBE Vector Graphic - Fill","nm":"Fill 1","c":{"a":0,"k":[1,1,1],"ix":4},"r":1,"o":{"a":0,"k":100,"ix":5}},{"ty":"tr","a":{"a":0,"k":[0,0],"ix":1},"s":{"a":0,"k":[100,100],"ix":3},"sk":{"a":0,"k":0,"ix":4},"p":{"a":0,"k":[38.523,24.072],"ix":2},"r":{"a":0,"k":0,"ix":6},"sa":{"a":0,"k":0,"ix":5},"o":{"a":0,"k":100,"ix":7}}]},{"ty":"gr","bm":0,"hd":false,"mn":"ADBE Vector Group","nm":"Group 123","ix":2,"cix":2,"np":2,"it":[{"ty":"sh","bm":0,"hd":false,"mn":"ADBE Vector Shape - Group","nm":"Path 1","ix":1,"d":1,"ks":{"a":0,"k":{"c":true,"i":[[-1.462,0.99],[-1.014,0],[-0.825,-0.489],[1.452,-1],[1.662,1.006]],"o":[[0.727,-0.489],[1.015,0],[1.66,0.99],[-1.46,1.006],[-1.653,-1]],"v":[[-2.994,-1.937],[-0.263,-2.674],[2.616,-1.937],[3.004,1.667],[-2.66,1.667]]},"ix":2}},{"ty":"fl","bm":0,"hd":false,"mn":"ADBE Vector Graphic - Fill","nm":"Fill 1","c":{"a":0,"k":[0.9373,0.3686,0.3608],"ix":4},"r":1,"o":{"a":0,"k":100,"ix":5}},{"ty":"tr","a":{"a":0,"k":[0,0],"ix":1},"s":{"a":0,"k":[100,100],"ix":3},"sk":{"a":0,"k":0,"ix":4},"p":{"a":0,"k":[37.251,23.067],"ix":2},"r":{"a":0,"k":0,"ix":6},"sa":{"a":0,"k":0,"ix":5},"o":{"a":0,"k":100,"ix":7}}]},{"ty":"gr","bm":0,"hd":false,"mn":"ADBE Vector Group","nm":"Group 124","ix":3,"cix":2,"np":2,"it":[{"ty":"sh","bm":0,"hd":false,"mn":"ADBE Vector Shape - Group","nm":"Path 1","ix":1,"d":1,"ks":{"a":0,"k":{"c":true,"i":[[-0.664,0.451],[-1.651,-0.982],[0.003,-0.711],[0,0],[0.649,-0.449],[1.662,1.006],[-0.013,0.709],[0,0]],"o":[[1.455,-0.982],[0.906,0.541],[0,0],[-0.01,0.581],[-1.461,1.006],[-0.902,-0.548],[0,0],[0.012,-0.59]],"v":[[-2.981,-2.992],[2.631,-2.992],[4,-1.014],[4,1.367],[3.018,2.968],[-2.647,2.968],[-3.99,0.982],[-3.99,-1.373]]},"ix":2}},{"ty":"fl","bm":0,"hd":false,"mn":"ADBE Vector Graphic - Fill","nm":"Fill 1","c":{"a":0,"k":[0.9373,0.3686,0.3608],"ix":4},"r":1,"o":{"a":0,"k":100,"ix":5}},{"ty":"tr","a":{"a":0,"k":[0,0],"ix":1},"s":{"a":0,"k":[100,100],"ix":3},"sk":{"a":0,"k":0,"ix":4},"p":{"a":0,"k":[37.238,24.122],"ix":2},"r":{"a":0,"k":0,"ix":6},"sa":{"a":0,"k":0,"ix":5},"o":{"a":0,"k":100,"ix":7}}]},{"ty":"gr","bm":0,"hd":false,"mn":"ADBE Vector Group","nm":"Group 125","ix":4,"cix":2,"np":2,"it":[{"ty":"sh","bm":0,"hd":false,"mn":"ADBE Vector Shape - Group","nm":"Path 1","ix":1,"d":1,"ks":{"a":0,"k":{"c":true,"i":[[-4.239,0],[-0.353,-2.761],[4.356,0],[0.242,2.804]],"o":[[4.24,0],[0.359,2.804],[-4.356,0],[-0.238,-2.761]],"v":[[-0.593,-5.039],[7.72,-0.069],[0.487,5.039],[-7.841,-0.069]]},"ix":2}},{"ty":"fl","bm":0,"hd":false,"mn":"ADBE Vector Graphic - Fill","nm":"Fill 1","c":{"a":0,"k":[0.9373,0.3686,0.3608],"ix":4},"r":1,"o":{"a":0,"k":100,"ix":5}},{"ty":"tr","a":{"a":0,"k":[0,0],"ix":1},"s":{"a":0,"k":[100,100],"ix":3},"sk":{"a":0,"k":0,"ix":4},"p":{"a":0,"k":[37.297,26.275],"ix":2},"r":{"a":0,"k":0,"ix":6},"sa":{"a":0,"k":0,"ix":5},"o":{"a":0,"k":100,"ix":7}}]},{"ty":"gr","bm":0,"hd":false,"mn":"ADBE Vector Group","nm":"Group 126","ix":5,"cix":2,"np":2,"it":[{"ty":"sh","bm":0,"hd":false,"mn":"ADBE Vector Shape - Group","nm":"Path 1","ix":1,"d":1,"ks":{"a":0,"k":{"c":true,"i":[[0,0],[-4.357,0],[-0.073,2.566],[0,0],[4.139,0],[0.241,2.804]],"o":[[0,2.804],[4.085,0],[0,0],[0.007,2.611],[-4.357,0],[-0.014,-0.154]],"v":[[-7.704,-6.136],[0.562,-1.029],[7.78,-5.621],[7.768,1.443],[0.538,6.136],[-7.766,1.027]]},"ix":2}},{"ty":"fl","bm":0,"hd":false,"mn":"ADBE Vector Graphic - Fill","nm":"Fill 1","c":{"a":0,"k":[0.9373,0.3686,0.3608],"ix":4},"r":1,"o":{"a":0,"k":100,"ix":5}},{"ty":"tr","a":{"a":0,"k":[0,0],"ix":1},"s":{"a":0,"k":[100,100],"ix":3},"sk":{"a":0,"k":0,"ix":4},"p":{"a":0,"k":[37.285,32.342],"ix":2},"r":{"a":0,"k":0,"ix":6},"sa":{"a":0,"k":0,"ix":5},"o":{"a":0,"k":100,"ix":7}}]},{"ty":"gr","bm":0,"hd":false,"mn":"ADBE Vector Group","nm":"Group 127","ix":6,"cix":2,"np":2,"it":[{"ty":"sh","bm":0,"hd":false,"mn":"ADBE Vector Shape - Group","nm":"Path 1","ix":1,"d":1,"ks":{"a":0,"k":{"c":true,"i":[[0,-0.007],[0,0],[0,0]],"o":[[0,0],[0,0],[0,0.007]],"v":[[-0.001,0.01],[-0.001,-0.01],[0.001,-0.01]]},"ix":2}},{"ty":"fl","bm":0,"hd":false,"mn":"ADBE Vector Graphic - Fill","nm":"Fill 1","c":{"a":0,"k":[0.3804,0.3804,0.3804],"ix":4},"r":1,"o":{"a":0,"k":100,"ix":5}},{"ty":"tr","a":{"a":0,"k":[0,0],"ix":1},"s":{"a":0,"k":[100,100],"ix":3},"sk":{"a":0,"k":0,"ix":4},"p":{"a":0,"k":[29.188,25.658],"ix":2},"r":{"a":0,"k":0,"ix":6},"sa":{"a":0,"k":0,"ix":5},"o":{"a":0,"k":100,"ix":7}}]},{"ty":"gr","bm":0,"hd":false,"mn":"ADBE Vector Group","nm":"Group 128","ix":7,"cix":2,"np":4,"it":[{"ty":"sh","bm":0,"hd":false,"mn":"ADBE Vector Shape - Group","nm":"Path 1","ix":1,"d":1,"ks":{"a":0,"k":{"c":true,"i":[[0.09,11.108],[-2.726,2.759],[-10.735,0],[-2.114,-10.317],[2.535,-3.099],[11.64,0]],"o":[[-0.023,-3.202],[5.452,-5.486],[17.069,0],[0.713,3.516],[-4.988,6.12],[-18.563,0]],"v":[[-32.832,-1.55],[-28.76,-10.531],[-2.901,-19.298],[31.882,-0.599],[29.143,9.377],[2.177,19.298]]},"ix":2}},{"ty":"sh","bm":0,"hd":false,"mn":"ADBE Vector Shape - Group","nm":"Path 2","ix":2,"d":1,"ks":{"a":0,"k":{"c":true,"i":[[0,0],[-0.002,-0.283],[-21.719,0],[0.726,12.574],[0,0],[34.402,0]],"o":[[0,0],[0.113,13.574],[20.47,0],[0,0],[0,0],[-26.093,0]],"v":[[-37.341,-6.181],[-37.357,-1.505],[2.177,23.822],[36.634,0.797],[36.63,-1.862],[-2.901,-23.822]]},"ix":2}},{"ty":"mm","bm":0,"hd":false,"mn":"ADBE Vector Filter - Merge","nm":"Merge Paths 1","mm":1},{"ty":"fl","bm":0,"hd":false,"mn":"ADBE Vector Graphic - Fill","nm":"Fill 1","c":{"a":0,"k":[0.9373,0.3686,0.3608],"ix":4},"r":1,"o":{"a":0,"k":100,"ix":5}},{"ty":"tr","a":{"a":0,"k":[0,0],"ix":1},"s":{"a":0,"k":[100,100],"ix":3},"sk":{"a":0,"k":0,"ix":4},"p":{"a":0,"k":[37.708,27.845],"ix":2},"r":{"a":0,"k":0,"ix":6},"sa":{"a":0,"k":0,"ix":5},"o":{"a":0,"k":100,"ix":7}}]}],"ind":4,"parent":9},{"ty":4,"nm":"Layer 2 Outlines","sr":1,"st":-75,"op":251,"ip":0,"hd":false,"ddd":0,"bm":0,"hasMask":false,"ao":0,"ks":{"a":{"a":0,"k":[26.342,14.662,0],"ix":1},"s":{"a":0,"k":[89.795,89.795,100],"ix":6},"sk":{"a":0,"k":0},"p":{"a":0,"k":[5.977,47.26,0],"ix":2},"r":{"a":1,"k":[{"o":{"x":0.167,"y":0.167},"i":{"x":0.833,"y":0.833},"s":[0],"t":0},{"s":[72000],"t":250}],"ix":10},"sa":{"a":0,"k":0},"o":{"a":0,"k":100,"ix":11}},"ef":[],"shapes":[{"ty":"gr","bm":0,"hd":false,"mn":"ADBE Vector Group","nm":"Group 1","ix":1,"cix":2,"np":2,"it":[{"ty":"sh","bm":0,"hd":false,"mn":"ADBE Vector Shape - Group","nm":"Path 1","ix":1,"d":1,"ks":{"a":0,"k":{"c":true,"i":[[-1.118,0.711],[-0.003,0],[-0.308,0],[0,0],[-0.247,-0.148],[0,0],[0,0],[-0.481,0.182],[0,0],[-0.437,-0.261],[0,0],[0.314,-0.342],[1.102,-0.814],[0.002,-0.004],[0.564,0.339],[0,0],[0,0],[0.48,-0.177],[0,0],[0.423,0.259],[0,0],[-0.339,0.304]],"o":[[0.002,-0.002],[0.228,-0.146],[0,0],[0.318,0],[0,0],[0,0],[0.434,0.26],[0,0],[0.477,-0.179],[0,0],[0.497,0.293],[-0.83,0.899],[-0.003,0.002],[-0.458,0.337],[0,0],[0,0],[-0.427,-0.256],[0,0],[-0.483,0.181],[0,0],[-0.436,-0.264],[0.889,-0.795]],"v":[[-22.566,-13.66],[-22.56,-13.664],[-21.719,-13.882],[-21.717,-13.882],[-20.831,-13.657],[0.107,-1.114],[3.07,0.661],[4.619,0.794],[7.083,-0.137],[8.63,-0.001],[25.268,9.863],[25.601,10.965],[22.705,13.537],[22.695,13.545],[20.839,13.535],[-1.57,0.034],[-4.505,-1.735],[-6.039,-1.867],[-8.526,-0.945],[-10.062,-1.077],[-25.394,-10.411],[-25.576,-11.397]]},"ix":2}},{"ty":"fl","bm":0,"hd":false,"mn":"ADBE Vector Graphic - Fill","nm":"Fill 1","c":{"a":0,"k":[0.9373,0.3686,0.3608],"ix":4},"r":1,"o":{"a":0,"k":100,"ix":5}},{"ty":"tr","a":{"a":0,"k":[0,0],"ix":1},"s":{"a":0,"k":[100,100],"ix":3},"sk":{"a":0,"k":0,"ix":4},"p":{"a":0,"k":[26.306,14.132],"ix":2},"r":{"a":0,"k":0,"ix":6},"sa":{"a":0,"k":0,"ix":5},"o":{"a":0,"k":100,"ix":7}}]},{"ty":"gr","bm":0,"hd":false,"mn":"ADBE Vector Group","nm":"Group 2","ix":2,"cix":2,"np":2,"it":[{"ty":"sh","bm":0,"hd":false,"mn":"ADBE Vector Shape - Group","nm":"Path 1","ix":1,"d":1,"ks":{"a":0,"k":{"c":true,"i":[[-1.118,0.709],[-0.004,0.002],[-0.49,-0.293],[0,0],[0,0],[-0.48,0.182],[0,0],[-0.437,-0.258],[0,0],[0.528,-0.567],[1.103,-0.814],[0.001,-0.002],[0.562,0.339],[0,0],[0,0],[0.481,-0.178],[0,0],[0.424,0.257],[0,0],[0,0]],"o":[[0.004,-0.002],[0.461,-0.293],[0,0],[0,0],[0.434,0.261],[0,0],[0.477,-0.179],[0,0],[0,0],[-0.829,0.899],[-0.002,0.002],[-0.459,0.339],[0,0],[0,0],[-0.426,-0.256],[0,0],[-0.482,0.18],[0,0],[-0.662,-0.451],[0,0]],"v":[[-22.603,-13.622],[-22.594,-13.628],[-20.866,-13.621],[0.073,-1.074],[3.033,0.698],[4.582,0.832],[7.047,-0.099],[8.594,0.035],[25.728,9.547],[25.564,11.001],[22.668,13.575],[22.661,13.581],[20.804,13.572],[-1.606,0.072],[-4.541,-1.697],[-6.075,-1.829],[-8.563,-0.907],[-10.098,-1.039],[-25.43,-10.373],[-25.82,-11.935]]},"ix":2}},{"ty":"fl","bm":0,"hd":false,"mn":"ADBE Vector Graphic - Fill","nm":"Fill 1","c":{"a":0,"k":[0.9373,0.3686,0.3608],"ix":4},"r":1,"o":{"a":0,"k":100,"ix":5}},{"ty":"tr","a":{"a":0,"k":[0,0],"ix":1},"s":{"a":0,"k":[100,100],"ix":3},"sk":{"a":0,"k":0,"ix":4},"p":{"a":0,"k":[26.342,15.155],"ix":2},"r":{"a":0,"k":0,"ix":6},"sa":{"a":0,"k":0,"ix":5},"o":{"a":0,"k":100,"ix":7}}]}],"ind":5,"parent":9},{"ty":4,"nm":"Layer 3 Outlines","sr":1,"st":-75,"op":251,"ip":0,"hd":false,"ddd":0,"bm":0,"hasMask":false,"ao":0,"ks":{"a":{"a":0,"k":[26.341,14.662,0],"ix":1},"s":{"a":0,"k":[89.795,89.795,100],"ix":6},"sk":{"a":0,"k":0},"p":{"a":0,"k":[95.136,-11.427,0],"ix":2},"r":{"a":1,"k":[{"o":{"x":0.167,"y":0.167},"i":{"x":0.833,"y":0.833},"s":[0],"t":0},{"s":[72000],"t":250}],"ix":10},"sa":{"a":0,"k":0},"o":{"a":0,"k":100,"ix":11}},"ef":[],"shapes":[{"ty":"gr","bm":0,"hd":false,"mn":"ADBE Vector Group","nm":"Group 1","ix":1,"cix":2,"np":2,"it":[{"ty":"sh","bm":0,"hd":false,"mn":"ADBE Vector Shape - Group","nm":"Path 1","ix":1,"d":1,"ks":{"a":0,"k":{"c":true,"i":[[-1.117,0.709],[-0.004,0.002],[-0.308,0],[0,0],[-0.248,-0.148],[0,0],[0,0],[-0.481,0.179],[0,0],[-0.436,-0.26],[0,0],[0.313,-0.341],[1.102,-0.813],[0.003,-0.002],[0.564,0.341],[0,0],[0,0],[0.479,-0.178],[0,0],[0.424,0.258],[0,0],[-0.338,0.304]],"o":[[0.003,-0.003],[0.227,-0.145],[0,0],[0.317,0],[0,0],[0,0],[0.434,0.26],[0,0],[0.477,-0.179],[0,0],[0.497,0.293],[-0.831,0.897],[-0.003,0.002],[-0.458,0.339],[0,0],[0,0],[-0.426,-0.259],[0,0],[-0.484,0.18],[0,0],[-0.434,-0.264],[0.89,-0.795]],"v":[[-22.567,-13.66],[-22.559,-13.665],[-21.718,-13.882],[-21.717,-13.882],[-20.83,-13.658],[0.108,-1.115],[3.069,0.661],[4.617,0.795],[7.084,-0.137],[8.629,-0.003],[25.267,9.863],[25.601,10.965],[22.704,13.537],[22.695,13.543],[20.839,13.533],[-1.571,0.032],[-4.505,-1.734],[-6.038,-1.868],[-8.526,-0.945],[-10.063,-1.078],[-25.396,-10.413],[-25.576,-11.399]]},"ix":2}},{"ty":"fl","bm":0,"hd":false,"mn":"ADBE Vector Graphic - Fill","nm":"Fill 1","c":{"a":0,"k":[0.9373,0.3686,0.3608],"ix":4},"r":1,"o":{"a":0,"k":100,"ix":5}},{"ty":"tr","a":{"a":0,"k":[0,0],"ix":1},"s":{"a":0,"k":[100,100],"ix":3},"sk":{"a":0,"k":0,"ix":4},"p":{"a":0,"k":[26.306,14.132],"ix":2},"r":{"a":0,"k":0,"ix":6},"sa":{"a":0,"k":0,"ix":5},"o":{"a":0,"k":100,"ix":7}}]},{"ty":"gr","bm":0,"hd":false,"mn":"ADBE Vector Group","nm":"Group 2","ix":2,"cix":2,"np":2,"it":[{"ty":"sh","bm":0,"hd":false,"mn":"ADBE Vector Shape - Group","nm":"Path 1","ix":1,"d":1,"ks":{"a":0,"k":{"c":true,"i":[[-1.117,0.711],[-0.004,0.001],[-0.49,-0.295],[0,0],[0,0],[-0.48,0.18],[0,0],[-0.437,-0.258],[0,0],[0.526,-0.567],[1.104,-0.814],[0.002,-0.002],[0.563,0.339],[0,0],[0,0],[0.48,-0.179],[0,0],[0.425,0.259],[0,0],[0,0]],"o":[[0.004,-0.002],[0.462,-0.294],[0,0],[0,0],[0.433,0.259],[0,0],[0.477,-0.181],[0,0],[0,0],[-0.829,0.897],[-0.001,0],[-0.46,0.338],[0,0],[0,0],[-0.426,-0.257],[0,0],[-0.484,0.18],[0,0],[-0.661,-0.451],[0,0]],"v":[[-22.603,-13.622],[-22.594,-13.627],[-20.866,-13.619],[0.073,-1.075],[3.034,0.7],[4.582,0.834],[7.048,-0.097],[8.594,0.035],[25.729,9.549],[25.565,11.003],[22.668,13.577],[22.661,13.583],[20.804,13.573],[-1.607,0.072],[-4.54,-1.696],[-6.074,-1.829],[-8.561,-0.905],[-10.098,-1.039],[-25.43,-10.373],[-25.819,-11.935]]},"ix":2}},{"ty":"fl","bm":0,"hd":false,"mn":"ADBE Vector Graphic - Fill","nm":"Fill 1","c":{"a":0,"k":[0.9373,0.3686,0.3608],"ix":4},"r":1,"o":{"a":0,"k":100,"ix":5}},{"ty":"tr","a":{"a":0,"k":[0,0],"ix":1},"s":{"a":0,"k":[100,100],"ix":3},"sk":{"a":0,"k":0,"ix":4},"p":{"a":0,"k":[26.341,15.153],"ix":2},"r":{"a":0,"k":0,"ix":6},"sa":{"a":0,"k":0,"ix":5},"o":{"a":0,"k":100,"ix":7}}]}],"ind":6,"parent":9},{"ty":4,"nm":"Layer 4 Outlines","sr":1,"st":-75,"op":251,"ip":0,"hd":false,"ddd":0,"bm":0,"hasMask":false,"ao":0,"ks":{"a":{"a":0,"k":[26.341,14.661,0],"ix":1},"s":{"a":0,"k":[89.795,89.795,100],"ix":6},"sk":{"a":0,"k":0},"p":{"a":0,"k":[192.195,54.031,0],"ix":2},"r":{"a":1,"k":[{"o":{"x":0.167,"y":0.167},"i":{"x":0.833,"y":0.833},"s":[0],"t":0},{"s":[72000],"t":250}],"ix":10},"sa":{"a":0,"k":0},"o":{"a":0,"k":100,"ix":11}},"ef":[],"shapes":[{"ty":"gr","bm":0,"hd":false,"mn":"ADBE Vector Group","nm":"Group 1","ix":1,"cix":2,"np":2,"it":[{"ty":"sh","bm":0,"hd":false,"mn":"ADBE Vector Shape - Group","nm":"Path 1","ix":1,"d":1,"ks":{"a":0,"k":{"c":true,"i":[[-1.117,0.711],[-0.003,0.002],[-0.308,0],[0,0],[-0.248,-0.148],[0,0],[0,0],[-0.479,0.18],[0,0],[-0.437,-0.261],[0,0],[0.314,-0.341],[1.101,-0.814],[0.003,-0.002],[0.562,0.339],[0,0],[0,0],[0.48,-0.177],[0,0],[0.424,0.259],[0,0],[-0.338,0.304]],"o":[[0.003,-0.002],[0.228,-0.144],[0,0],[0.317,0],[0,0],[0,0],[0.436,0.261],[0,0],[0.477,-0.179],[0,0],[0.497,0.293],[-0.831,0.898],[-0.004,0],[-0.458,0.338],[0,0],[0,0],[-0.428,-0.258],[0,0],[-0.486,0.179],[0,0],[-0.434,-0.264],[0.89,-0.796]],"v":[[-22.567,-13.662],[-22.559,-13.665],[-21.718,-13.882],[-21.717,-13.882],[-20.83,-13.658],[0.108,-1.116],[3.069,0.66],[4.617,0.795],[7.084,-0.137],[8.63,-0.002],[25.267,9.863],[25.6,10.965],[22.705,13.538],[22.695,13.543],[20.84,13.533],[-1.57,0.033],[-4.504,-1.735],[-6.039,-1.868],[-8.525,-0.944],[-10.063,-1.079],[-25.395,-10.413],[-25.576,-11.399]]},"ix":2}},{"ty":"fl","bm":0,"hd":false,"mn":"ADBE Vector Graphic - Fill","nm":"Fill 1","c":{"a":0,"k":[0.9373,0.3686,0.3608],"ix":4},"r":1,"o":{"a":0,"k":100,"ix":5}},{"ty":"tr","a":{"a":0,"k":[0,0],"ix":1},"s":{"a":0,"k":[100,100],"ix":3},"sk":{"a":0,"k":0,"ix":4},"p":{"a":0,"k":[26.306,14.132],"ix":2},"r":{"a":0,"k":0,"ix":6},"sa":{"a":0,"k":0,"ix":5},"o":{"a":0,"k":100,"ix":7}}]},{"ty":"gr","bm":0,"hd":false,"mn":"ADBE Vector Group","nm":"Group 2","ix":2,"cix":2,"np":2,"it":[{"ty":"sh","bm":0,"hd":false,"mn":"ADBE Vector Shape - Group","nm":"Path 1","ix":1,"d":1,"ks":{"a":0,"k":{"c":true,"i":[[-1.117,0.711],[-0.003,0.002],[-0.49,-0.293],[0,0],[0,0],[-0.478,0.179],[0,0],[-0.437,-0.259],[0,0],[0.527,-0.566],[1.103,-0.813],[0.003,-0.002],[0.562,0.339],[0,0],[0,0],[0.48,-0.18],[0,0],[0.425,0.259],[0,0],[0,0]],"o":[[0.004,-0.001],[0.462,-0.293],[0,0],[0,0],[0.434,0.26],[0,0],[0.477,-0.181],[0,0],[0,0],[-0.83,0.897],[-0.002,0],[-0.459,0.337],[0,0],[0,0],[-0.428,-0.257],[0,0],[-0.484,0.18],[0,0],[-0.662,-0.451],[0,0]],"v":[[-22.603,-13.622],[-22.594,-13.627],[-20.866,-13.62],[0.073,-1.075],[3.034,0.699],[4.581,0.835],[7.047,-0.097],[8.594,0.036],[25.729,9.549],[25.565,11.003],[22.669,13.577],[22.66,13.583],[20.805,13.574],[-1.607,0.072],[-4.539,-1.696],[-6.074,-1.828],[-8.561,-0.905],[-10.099,-1.039],[-25.43,-10.373],[-25.819,-11.934]]},"ix":2}},{"ty":"fl","bm":0,"hd":false,"mn":"ADBE Vector Graphic - Fill","nm":"Fill 1","c":{"a":0,"k":[0.9373,0.3686,0.3608],"ix":4},"r":1,"o":{"a":0,"k":100,"ix":5}},{"ty":"tr","a":{"a":0,"k":[0,0],"ix":1},"s":{"a":0,"k":[100,100],"ix":3},"sk":{"a":0,"k":0,"ix":4},"p":{"a":0,"k":[26.341,15.153],"ix":2},"r":{"a":0,"k":0,"ix":6},"sa":{"a":0,"k":0,"ix":5},"o":{"a":0,"k":100,"ix":7}}]}],"ind":7,"parent":9},{"ty":4,"nm":"Layer 6 Outlines","sr":1,"st":-75,"op":251,"ip":0,"hd":false,"ddd":0,"bm":0,"hasMask":false,"ao":0,"ks":{"a":{"a":0,"k":[26.341,14.662,0],"ix":1},"s":{"a":0,"k":[89.795,89.795,100],"ix":6},"sk":{"a":0,"k":0},"p":{"a":0,"k":[100.779,118.362,0],"ix":2},"r":{"a":1,"k":[{"o":{"x":0.167,"y":0.167},"i":{"x":0.833,"y":0.833},"s":[0],"t":0},{"s":[72000],"t":250}],"ix":10},"sa":{"a":0,"k":0},"o":{"a":0,"k":100,"ix":11}},"ef":[],"shapes":[{"ty":"gr","bm":0,"hd":false,"mn":"ADBE Vector Group","nm":"Group 1","ix":1,"cix":2,"np":2,"it":[{"ty":"sh","bm":0,"hd":false,"mn":"ADBE Vector Shape - Group","nm":"Path 1","ix":1,"d":1,"ks":{"a":0,"k":{"c":true,"i":[[-1.117,0.711],[-0.004,0.001],[-0.307,0],[0,0],[-0.248,-0.149],[0,0],[0,0],[-0.481,0.18],[0,0],[-0.437,-0.26],[0,0],[0.314,-0.34],[1.102,-0.814],[0.002,-0.002],[0.563,0.341],[0,0],[0,0],[0.48,-0.178],[0,0],[0.424,0.259],[0,0],[-0.338,0.304]],"o":[[0.002,-0.002],[0.227,-0.145],[0,0],[0.318,0],[0,0],[0,0],[0.434,0.261],[0,0],[0.478,-0.179],[0,0],[0.497,0.295],[-0.831,0.898],[-0.003,0.002],[-0.458,0.338],[0,0],[0,0],[-0.427,-0.259],[0,0],[-0.484,0.18],[0,0],[-0.434,-0.264],[0.89,-0.795]],"v":[[-22.567,-13.662],[-22.559,-13.665],[-21.719,-13.882],[-21.718,-13.882],[-20.83,-13.658],[0.108,-1.114],[3.069,0.66],[4.618,0.795],[7.083,-0.137],[8.63,-0.002],[25.267,9.861],[25.6,10.965],[22.704,13.538],[22.695,13.543],[20.839,13.533],[-1.571,0.033],[-4.505,-1.733],[-6.039,-1.868],[-8.526,-0.944],[-10.063,-1.079],[-25.396,-10.413],[-25.576,-11.399]]},"ix":2}},{"ty":"fl","bm":0,"hd":false,"mn":"ADBE Vector Graphic - Fill","nm":"Fill 1","c":{"a":0,"k":[0.9373,0.3686,0.3608],"ix":4},"r":1,"o":{"a":0,"k":100,"ix":5}},{"ty":"tr","a":{"a":0,"k":[0,0],"ix":1},"s":{"a":0,"k":[100,100],"ix":3},"sk":{"a":0,"k":0,"ix":4},"p":{"a":0,"k":[26.306,14.132],"ix":2},"r":{"a":0,"k":0,"ix":6},"sa":{"a":0,"k":0,"ix":5},"o":{"a":0,"k":100,"ix":7}}]},{"ty":"gr","bm":0,"hd":false,"mn":"ADBE Vector Group","nm":"Group 2","ix":2,"cix":2,"np":2,"it":[{"ty":"sh","bm":0,"hd":false,"mn":"ADBE Vector Shape - Group","nm":"Path 1","ix":1,"d":1,"ks":{"a":0,"k":{"c":true,"i":[[-1.117,0.711],[-0.004,0.002],[-0.49,-0.296],[0,0],[0,0],[-0.48,0.179],[0,0],[-0.438,-0.258],[0,0],[0.527,-0.567],[1.104,-0.813],[0.002,-0.002],[0.562,0.34],[0,0],[0,0],[0.481,-0.179],[0,0],[0.425,0.259],[0,0],[0,0]],"o":[[0.003,-0.002],[0.462,-0.293],[0,0],[0,0],[0.435,0.26],[0,0],[0.477,-0.179],[0,0],[0,0],[-0.831,0.897],[-0.001,0],[-0.46,0.338],[0,0],[0,0],[-0.427,-0.257],[0,0],[-0.482,0.178],[0,0],[-0.661,-0.451],[0,0]],"v":[[-22.603,-13.623],[-22.594,-13.627],[-20.866,-13.618],[0.073,-1.075],[3.033,0.699],[4.582,0.835],[7.047,-0.1],[8.595,0.035],[25.728,9.548],[25.565,11.002],[22.668,13.577],[22.661,13.582],[20.804,13.572],[-1.607,0.072],[-4.54,-1.697],[-6.074,-1.829],[-8.563,-0.905],[-10.099,-1.04],[-25.43,-10.374],[-25.819,-11.934]]},"ix":2}},{"ty":"fl","bm":0,"hd":false,"mn":"ADBE Vector Graphic - Fill","nm":"Fill 1","c":{"a":0,"k":[0.9373,0.3686,0.3608],"ix":4},"r":1,"o":{"a":0,"k":100,"ix":5}},{"ty":"tr","a":{"a":0,"k":[0,0],"ix":1},"s":{"a":0,"k":[100,100],"ix":3},"sk":{"a":0,"k":0,"ix":4},"p":{"a":0,"k":[26.341,15.154],"ix":2},"r":{"a":0,"k":0,"ix":6},"sa":{"a":0,"k":0,"ix":5},"o":{"a":0,"k":100,"ix":7}}]}],"ind":8,"parent":9},{"ty":4,"nm":"Layer 68 Outlines","sr":1,"st":-75,"op":251,"ip":0,"hd":false,"ddd":0,"bm":0,"hasMask":false,"ao":0,"ks":{"a":{"a":0,"k":[97.144,59.339,0],"ix":1},"s":{"a":0,"k":[94.766,94.766,100],"ix":6},"sk":{"a":0,"k":0},"p":{"a":1,"k":[{"o":{"x":0.167,"y":0.167},"i":{"x":0.833,"y":0.836},"s":[393.271,299.063,0],"t":0,"ti":[-0.091,-0.507,0],"to":[0.042,0.259,0]},{"o":{"x":0.167,"y":0.17},"i":{"x":0.833,"y":0.843},"s":[393.521,300.615,0],"t":1,"ti":[-0.102,-0.467,0],"to":[0.091,0.507,0]},{"o":{"x":0.167,"y":0.177},"i":{"x":0.833,"y":0.853},"s":[393.819,302.105,0],"t":2,"ti":[-0.1,-0.384,0],"to":[0.102,0.467,0]},{"o":{"x":0.167,"y":0.192},"i":{"x":0.833,"y":0.869},"s":[394.132,303.415,0],"t":3,"ti":[-0.081,-0.258,0],"to":[0.1,0.384,0]},{"o":{"x":0.167,"y":0.229},"i":{"x":0.833,"y":0.835},"s":[394.419,304.409,0],"t":4,"ti":[-0.022,-0.188,0],"to":[0.081,0.258,0]},{"o":{"x":0.167,"y":0.168},"i":{"x":0.833,"y":0.814},"s":[394.62,304.965,0],"t":5,"ti":[0.052,-0.207,0],"to":[0.022,0.188,0]},{"o":{"x":0.167,"y":0.151},"i":{"x":0.833,"y":0.838},"s":[394.551,305.539,0],"t":6,"ti":[0.082,-0.216,0],"to":[-0.052,0.207,0]},{"o":{"x":0.167,"y":0.172},"i":{"x":0.833,"y":0.856},"s":[394.307,306.208,0],"t":7,"ti":[0.062,-0.183,0],"to":[-0.082,0.216,0]},{"o":{"x":0.167,"y":0.198},"i":{"x":0.833,"y":0.868},"s":[394.058,306.833,0],"t":8,"ti":[0.002,-0.119,0],"to":[-0.062,0.183,0]},{"o":{"x":0.167,"y":0.227},"i":{"x":0.833,"y":0.795},"s":[393.938,307.306,0],"t":9,"ti":[-0.086,-0.035,0],"to":[-0.002,0.119,0]},{"o":{"x":0.167,"y":0.141},"i":{"x":0.833,"y":0.755},"s":[394.048,307.549,0],"t":10,"ti":[-0.19,0.061,0],"to":[0.086,0.035,0]},{"o":{"x":0.167,"y":0.126},"i":{"x":0.833,"y":0.79},"s":[394.453,307.514,0],"t":11,"ti":[-0.299,0.157,0],"to":[0.19,-0.061,0]},{"o":{"x":0.167,"y":0.138},"i":{"x":0.833,"y":0.808},"s":[395.187,307.183,0],"t":12,"ti":[-0.403,0.244,0],"to":[0.299,-0.157,0]},{"o":{"x":0.167,"y":0.147},"i":{"x":0.833,"y":0.819},"s":[396.249,306.57,0],"t":13,"ti":[-0.488,0.311,0],"to":[0.403,-0.244,0]},{"o":{"x":0.167,"y":0.154},"i":{"x":0.833,"y":0.827},"s":[397.602,305.719,0],"t":14,"ti":[-0.546,0.348,0],"to":[0.488,-0.311,0]},{"o":{"x":0.167,"y":0.161},"i":{"x":0.833,"y":0.836},"s":[399.179,304.703,0],"t":15,"ti":[-0.563,0.345,0],"to":[0.546,-0.348,0]},{"o":{"x":0.167,"y":0.169},"i":{"x":0.833,"y":0.84},"s":[400.876,303.629,0],"t":16,"ti":[-0.531,0.329,0],"to":[0.563,-0.345,0]},{"o":{"x":0.167,"y":0.174},"i":{"x":0.833,"y":0.836},"s":[402.556,302.631,0],"t":17,"ti":[-0.451,0.373,0],"to":[0.531,-0.329,0]},{"o":{"x":0.167,"y":0.169},"i":{"x":0.833,"y":0.84},"s":[404.063,301.658,0],"t":18,"ti":[-0.33,0.443,0],"to":[0.451,-0.373,0]},{"o":{"x":0.167,"y":0.174},"i":{"x":0.833,"y":0.844},"s":[405.264,300.393,0],"t":19,"ti":[-0.176,0.46,0],"to":[0.33,-0.443,0]},{"o":{"x":0.167,"y":0.178},"i":{"x":0.833,"y":0.842},"s":[406.041,299,0],"t":20,"ti":[-0.004,0.432,0],"to":[0.176,-0.46,0]},{"o":{"x":0.167,"y":0.176},"i":{"x":0.833,"y":0.833},"s":[406.319,297.631,0],"t":21,"ti":[0.171,0.369,0],"to":[0.004,-0.432,0]},{"o":{"x":0.167,"y":0.166},"i":{"x":0.833,"y":0.823},"s":[406.065,296.407,0],"t":22,"ti":[0.335,0.282,0],"to":[-0.171,-0.369,0]},{"o":{"x":0.167,"y":0.157},"i":{"x":0.833,"y":0.82},"s":[405.292,295.417,0],"t":23,"ti":[0.474,0.18,0],"to":[-0.335,-0.282,0]},{"o":{"x":0.167,"y":0.155},"i":{"x":0.833,"y":0.824},"s":[404.054,294.717,0],"t":24,"ti":[0.572,0.076,0],"to":[-0.474,-0.18,0]},{"o":{"x":0.167,"y":0.159},"i":{"x":0.833,"y":0.831},"s":[402.45,294.335,0],"t":25,"ti":[0.615,-0.021,0],"to":[-0.572,-0.076,0]},{"o":{"x":0.167,"y":0.165},"i":{"x":0.833,"y":0.84},"s":[400.623,294.263,0],"t":26,"ti":[0.59,-0.101,0],"to":[-0.615,0.021,0]},{"o":{"x":0.167,"y":0.174},"i":{"x":0.833,"y":0.853},"s":[398.758,294.463,0],"t":27,"ti":[0.48,-0.151,0],"to":[-0.59,0.101,0]},{"o":{"x":0.167,"y":0.193},"i":{"x":0.833,"y":0.874},"s":[397.084,294.866,0],"t":28,"ti":[0.28,-0.164,0],"to":[-0.48,0.151,0]},{"o":{"x":0.167,"y":0.245},"i":{"x":0.833,"y":0.851},"s":[395.876,295.37,0],"t":29,"ti":[0.124,-0.155,0],"to":[-0.28,0.164,0]},{"o":{"x":0.167,"y":0.189},"i":{"x":0.833,"y":0.843},"s":[395.407,295.848,0],"t":30,"ti":[0.092,-0.139,0],"to":[-0.124,0.155,0]},{"o":{"x":0.167,"y":0.177},"i":{"x":0.833,"y":0.865},"s":[395.129,296.302,0],"t":31,"ti":[0.076,-0.103,0],"to":[-0.092,0.139,0]},{"o":{"x":0.167,"y":0.217},"i":{"x":0.833,"y":0.894},"s":[394.853,296.684,0],"t":32,"ti":[0.032,-0.044,0],"to":[-0.076,0.103,0]},{"o":{"x":0.167,"y":0.393},"i":{"x":0.833,"y":0.618},"s":[394.674,296.918,0],"t":33,"ti":[-0.032,0.028,0],"to":[-0.032,0.044,0]},{"o":{"x":0.167,"y":0.107},"i":{"x":0.833,"y":0.735},"s":[394.662,296.951,0],"t":34,"ti":[-0.108,0.106,0],"to":[0.032,-0.028,0]},{"o":{"x":0.167,"y":0.122},"i":{"x":0.833,"y":0.79},"s":[394.867,296.752,0],"t":35,"ti":[-0.187,0.182,0],"to":[0.108,-0.106,0]},{"o":{"x":0.167,"y":0.138},"i":{"x":0.833,"y":0.809},"s":[395.309,296.316,0],"t":36,"ti":[-0.261,0.25,0],"to":[0.187,-0.182,0]},{"o":{"x":0.167,"y":0.148},"i":{"x":0.833,"y":0.82},"s":[395.988,295.658,0],"t":37,"ti":[-0.323,0.301,0],"to":[0.261,-0.25,0]},{"o":{"x":0.167,"y":0.155},"i":{"x":0.833,"y":0.828},"s":[396.877,294.816,0],"t":38,"ti":[-0.364,0.327,0],"to":[0.323,-0.301,0]},{"o":{"x":0.167,"y":0.162},"i":{"x":0.833,"y":0.837},"s":[397.925,293.853,0],"t":39,"ti":[-0.375,0.322,0],"to":[0.364,-0.327,0]},{"o":{"x":0.167,"y":0.17},"i":{"x":0.833,"y":0.847},"s":[399.058,292.852,0],"t":40,"ti":[-0.35,0.276,0],"to":[0.375,-0.322,0]},{"o":{"x":0.167,"y":0.183},"i":{"x":0.833,"y":0.87},"s":[400.176,291.923,0],"t":41,"ti":[-0.268,0.155,0],"to":[0.35,-0.276,0]},{"o":{"x":0.167,"y":0.231},"i":{"x":0.833,"y":0.828},"s":[401.155,291.196,0],"t":42,"ti":[-0.125,-0.082,0],"to":[0.268,-0.155,0]},{"o":{"x":0.167,"y":0.162},"i":{"x":0.833,"y":0.75},"s":[401.787,290.992,0],"t":43,"ti":[0.032,-0.354,0],"to":[0.125,0.082,0]},{"o":{"x":0.167,"y":0.125},"i":{"x":0.833,"y":0.798},"s":[401.903,291.688,0],"t":44,"ti":[0.156,-0.566,0],"to":[-0.032,0.354,0]},{"o":{"x":0.167,"y":0.142},"i":{"x":0.833,"y":0.816},"s":[401.595,293.113,0],"t":45,"ti":[0.248,-0.719,0],"to":[-0.156,0.566,0]},{"o":{"x":0.167,"y":0.153},"i":{"x":0.833,"y":0.826},"s":[400.964,295.086,0],"t":46,"ti":[0.306,-0.813,0],"to":[-0.248,0.719,0]},{"o":{"x":0.167,"y":0.16},"i":{"x":0.833,"y":0.832},"s":[400.109,297.426,0],"t":47,"ti":[0.333,-0.85,0],"to":[-0.306,0.813,0]},{"o":{"x":0.167,"y":0.166},"i":{"x":0.833,"y":0.838},"s":[399.126,299.961,0],"t":48,"ti":[0.328,-0.832,0],"to":[-0.333,0.85,0]},{"o":{"x":0.167,"y":0.171},"i":{"x":0.833,"y":0.844},"s":[398.111,302.523,0],"t":49,"ti":[0.292,-0.761,0],"to":[-0.328,0.832,0]},{"o":{"x":0.167,"y":0.179},"i":{"x":0.833,"y":0.852},"s":[397.159,304.951,0],"t":50,"ti":[0.225,-0.638,0],"to":[-0.292,0.761,0]},{"o":{"x":0.167,"y":0.19},"i":{"x":0.833,"y":0.864},"s":[396.361,307.088,0],"t":51,"ti":[0.128,-0.467,0],"to":[-0.225,0.638,0]},{"o":{"x":0.167,"y":0.215},"i":{"x":0.833,"y":0.88},"s":[395.809,308.782,0],"t":52,"ti":[0.001,-0.247,0],"to":[-0.128,0.467,0]},{"o":{"x":0.167,"y":0.275},"i":{"x":0.833,"y":0.772},"s":[395.592,309.888,0],"t":53,"ti":[-0.154,0.012,0],"to":[-0.001,0.247,0]},{"o":{"x":0.167,"y":0.131},"i":{"x":0.833,"y":0.787},"s":[395.8,310.264,0],"t":54,"ti":[-0.315,0.174,0],"to":[0.154,-0.012,0]},{"o":{"x":0.167,"y":0.137},"i":{"x":0.833,"y":0.821},"s":[396.515,309.814,0],"t":55,"ti":[-0.44,0.167,0],"to":[0.315,-0.174,0]},{"o":{"x":0.167,"y":0.156},"i":{"x":0.833,"y":0.829},"s":[397.693,309.222,0],"t":56,"ti":[-0.51,0.103,0],"to":[0.44,-0.167,0]},{"o":{"x":0.167,"y":0.162},"i":{"x":0.833,"y":0.834},"s":[399.156,308.81,0],"t":57,"ti":[-0.532,0.034,0],"to":[0.51,-0.103,0]},{"o":{"x":0.167,"y":0.167},"i":{"x":0.833,"y":0.838},"s":[400.752,308.603,0],"t":58,"ti":[-0.515,-0.036,0],"to":[0.532,-0.034,0]},{"o":{"x":0.167,"y":0.172},"i":{"x":0.833,"y":0.841},"s":[402.349,308.608,0],"t":59,"ti":[-0.467,-0.1,0],"to":[0.515,0.036,0]},{"o":{"x":0.167,"y":0.175},"i":{"x":0.833,"y":0.844},"s":[403.843,308.818,0],"t":60,"ti":[-0.397,-0.155,0],"to":[0.467,0.1,0]},{"o":{"x":0.167,"y":0.178},"i":{"x":0.833,"y":0.846},"s":[405.154,309.211,0],"t":61,"ti":[-0.312,-0.195,0],"to":[0.397,0.155,0]},{"o":{"x":0.167,"y":0.181},"i":{"x":0.833,"y":0.848},"s":[406.225,309.749,0],"t":62,"ti":[-0.221,-0.215,0],"to":[0.312,0.195,0]},{"o":{"x":0.167,"y":0.184},"i":{"x":0.833,"y":0.852},"s":[407.027,310.38,0],"t":63,"ti":[-0.132,-0.209,0],"to":[0.221,0.215,0]},{"o":{"x":0.167,"y":0.19},"i":{"x":0.833,"y":0.86},"s":[407.551,311.037,0],"t":64,"ti":[-0.053,-0.174,0],"to":[0.132,0.209,0]},{"o":{"x":0.167,"y":0.205},"i":{"x":0.833,"y":0.875},"s":[407.817,311.637,0],"t":65,"ti":[0.008,-0.104,0],"to":[0.053,0.174,0]},{"o":{"x":0.167,"y":0.251},"i":{"x":0.833,"y":0.785},"s":[407.867,312.083,0],"t":66,"ti":[0.034,0.025,0],"to":[-0.008,0.104,0]},{"o":{"x":0.167,"y":0.136},"i":{"x":0.833,"y":0.664},"s":[407.77,312.261,0],"t":67,"ti":[0.019,0.234,0],"to":[-0.034,-0.025,0]},{"o":{"x":0.167,"y":0.111},"i":{"x":0.833,"y":0.789},"s":[407.665,311.93,0],"t":68,"ti":[0.006,0.455,0],"to":[-0.019,-0.234,0]},{"o":{"x":0.167,"y":0.138},"i":{"x":0.833,"y":0.813},"s":[407.654,310.855,0],"t":69,"ti":[0.025,0.619,0],"to":[-0.006,-0.455,0]},{"o":{"x":0.167,"y":0.15},"i":{"x":0.833,"y":0.823},"s":[407.631,309.201,0],"t":70,"ti":[0.07,0.728,0],"to":[-0.025,-0.619,0]},{"o":{"x":0.167,"y":0.157},"i":{"x":0.833,"y":0.829},"s":[407.506,307.14,0],"t":71,"ti":[0.133,0.785,0],"to":[-0.07,-0.728,0]},{"o":{"x":0.167,"y":0.162},"i":{"x":0.833,"y":0.833},"s":[407.213,304.833,0],"t":72,"ti":[0.206,0.795,0],"to":[-0.133,-0.785,0]},{"o":{"x":0.167,"y":0.166},"i":{"x":0.833,"y":0.836},"s":[406.709,302.429,0],"t":73,"ti":[0.281,0.76,0],"to":[-0.206,-0.795,0]},{"o":{"x":0.167,"y":0.169},"i":{"x":0.833,"y":0.839},"s":[405.977,300.066,0],"t":74,"ti":[0.351,0.684,0],"to":[-0.281,-0.76,0]},{"o":{"x":0.167,"y":0.173},"i":{"x":0.833,"y":0.842},"s":[405.021,297.872,0],"t":75,"ti":[0.408,0.571,0],"to":[-0.351,-0.684,0]},{"o":{"x":0.167,"y":0.176},"i":{"x":0.833,"y":0.845},"s":[403.869,295.963,0],"t":76,"ti":[0.442,0.424,0],"to":[-0.408,-0.571,0]},{"o":{"x":0.167,"y":0.181},"i":{"x":0.833,"y":0.848},"s":[402.576,294.446,0],"t":77,"ti":[0.448,0.248,0],"to":[-0.442,-0.424,0]},{"o":{"x":0.167,"y":0.184},"i":{"x":0.833,"y":0.846},"s":[401.215,293.416,0],"t":78,"ti":[0.418,0.048,0],"to":[-0.448,-0.248,0]},{"o":{"x":0.167,"y":0.181},"i":{"x":0.833,"y":0.83},"s":[399.888,292.957,0],"t":79,"ti":[0.385,-0.118,0],"to":[-0.418,-0.048,0]},{"o":{"x":0.167,"y":0.163},"i":{"x":0.833,"y":0.833},"s":[398.707,293.128,0],"t":80,"ti":[0.356,-0.215,0],"to":[-0.385,0.118,0]},{"o":{"x":0.167,"y":0.166},"i":{"x":0.833,"y":0.837},"s":[397.58,293.667,0],"t":81,"ti":[0.296,-0.28,0],"to":[-0.356,0.215,0]},{"o":{"x":0.167,"y":0.17},"i":{"x":0.833,"y":0.837},"s":[396.571,294.421,0],"t":82,"ti":[0.202,-0.33,0],"to":[-0.296,0.28,0]},{"o":{"x":0.167,"y":0.171},"i":{"x":0.833,"y":0.834},"s":[395.801,295.347,0],"t":83,"ti":[0.085,-0.365,0],"to":[-0.202,0.33,0]},{"o":{"x":0.167,"y":0.167},"i":{"x":0.833,"y":0.828},"s":[395.359,296.401,0],"t":84,"ti":[-0.042,-0.386,0],"to":[-0.085,0.365,0]},{"o":{"x":0.167,"y":0.161},"i":{"x":0.833,"y":0.824},"s":[395.291,297.539,0],"t":85,"ti":[-0.166,-0.393,0],"to":[0.042,0.386,0]},{"o":{"x":0.167,"y":0.158},"i":{"x":0.833,"y":0.825},"s":[395.609,298.718,0],"t":86,"ti":[-0.276,-0.385,0],"to":[0.166,0.393,0]},{"o":{"x":0.167,"y":0.159},"i":{"x":0.833,"y":0.829},"s":[396.289,299.895,0],"t":87,"ti":[-0.358,-0.362,0],"to":[0.276,0.385,0]},{"o":{"x":0.167,"y":0.163},"i":{"x":0.833,"y":0.835},"s":[397.265,301.027,0],"t":88,"ti":[-0.401,-0.326,0],"to":[0.358,0.362,0]},{"o":{"x":0.167,"y":0.169},"i":{"x":0.833,"y":0.844},"s":[398.439,302.07,0],"t":89,"ti":[-0.392,-0.275,0],"to":[0.401,0.326,0]},{"o":{"x":0.167,"y":0.179},"i":{"x":0.833,"y":0.858},"s":[399.672,302.982,0],"t":90,"ti":[-0.318,-0.21,0],"to":[0.392,0.275,0]},{"o":{"x":0.167,"y":0.201},"i":{"x":0.833,"y":0.875},"s":[400.789,303.721,0],"t":91,"ti":[-0.191,-0.139,0],"to":[0.318,0.21,0]},{"o":{"x":0.167,"y":0.249},"i":{"x":0.833,"y":0.875},"s":[401.578,304.244,0],"t":92,"ti":[-0.083,-0.084,0],"to":[0.191,0.139,0]},{"o":{"x":0.167,"y":0.251},"i":{"x":0.833,"y":0.875},"s":[401.935,304.556,0],"t":93,"ti":[-0.012,-0.044,0],"to":[0.083,0.084,0]},{"o":{"x":0.167,"y":0.251},"i":{"x":0.833,"y":0.732},"s":[402.074,304.746,0],"t":94,"ti":[0.054,-0.007,0],"to":[0.012,0.044,0]},{"o":{"x":0.167,"y":0.121},"i":{"x":0.833,"y":0.774},"s":[402.008,304.82,0],"t":95,"ti":[0.115,0.026,0],"to":[-0.054,0.007,0]},{"o":{"x":0.167,"y":0.132},"i":{"x":0.833,"y":0.804},"s":[401.75,304.789,0],"t":96,"ti":[0.167,0.054,0],"to":[-0.115,-0.026,0]},{"o":{"x":0.167,"y":0.145},"i":{"x":0.833,"y":0.817},"s":[401.32,304.663,0],"t":97,"ti":[0.209,0.076,0],"to":[-0.167,-0.054,0]},{"o":{"x":0.167,"y":0.153},"i":{"x":0.833,"y":0.826},"s":[400.746,304.462,0],"t":98,"ti":[0.236,0.09,0],"to":[-0.209,-0.076,0]},{"o":{"x":0.167,"y":0.16},"i":{"x":0.833,"y":0.833},"s":[400.067,304.205,0],"t":99,"ti":[0.247,0.095,0],"to":[-0.236,-0.09,0]},{"o":{"x":0.167,"y":0.166},"i":{"x":0.833,"y":0.84},"s":[399.328,303.919,0],"t":100,"ti":[0.238,0.089,0],"to":[-0.247,-0.095,0]},{"o":{"x":0.167,"y":0.175},"i":{"x":0.833,"y":0.85},"s":[398.585,303.635,0],"t":101,"ti":[0.206,0.07,0],"to":[-0.238,-0.089,0]},{"o":{"x":0.167,"y":0.188},"i":{"x":0.833,"y":0.867},"s":[397.902,303.387,0],"t":102,"ti":[0.148,0.038,0],"to":[-0.206,-0.07,0]},{"o":{"x":0.167,"y":0.223},"i":{"x":0.833,"y":0.887},"s":[397.35,303.214,0],"t":103,"ti":[0.065,-0.007,0],"to":[-0.148,-0.038,0]},{"o":{"x":0.167,"y":0.319},"i":{"x":0.833,"y":0.837},"s":[397.012,303.16,0],"t":104,"ti":[-0.003,0,0],"to":[-0.065,0.007,0]},{"o":{"x":0.167,"y":0.169},"i":{"x":0.833,"y":0.624},"s":[396.963,303.255,0],"t":105,"ti":[-0.033,0.081,0],"to":[0.003,0,0]},{"o":{"x":0.167,"y":0.107},"i":{"x":0.833,"y":0.779},"s":[397.027,303.159,0],"t":106,"ti":[-0.065,0.17,0],"to":[0.033,-0.081,0]},{"o":{"x":0.167,"y":0.134},"i":{"x":0.833,"y":0.805},"s":[397.162,302.771,0],"t":107,"ti":[-0.109,0.241,0],"to":[0.065,-0.17,0]},{"o":{"x":0.167,"y":0.145},"i":{"x":0.833,"y":0.816},"s":[397.415,302.141,0],"t":108,"ti":[-0.161,0.295,0],"to":[0.109,-0.241,0]},{"o":{"x":0.167,"y":0.152},"i":{"x":0.833,"y":0.822},"s":[397.815,301.324,0],"t":109,"ti":[-0.215,0.329,0],"to":[0.161,-0.295,0]},{"o":{"x":0.167,"y":0.157},"i":{"x":0.833,"y":0.826},"s":[398.378,300.374,0],"t":110,"ti":[-0.266,0.345,0],"to":[0.215,-0.329,0]},{"o":{"x":0.167,"y":0.16},"i":{"x":0.833,"y":0.83},"s":[399.104,299.348,0],"t":111,"ti":[-0.31,0.34,0],"to":[0.266,-0.345,0]},{"o":{"x":0.167,"y":0.164},"i":{"x":0.833,"y":0.835},"s":[399.976,298.305,0],"t":112,"ti":[-0.342,0.315,0],"to":[0.31,-0.34,0]},{"o":{"x":0.167,"y":0.168},"i":{"x":0.833,"y":0.839},"s":[400.966,297.306,0],"t":113,"ti":[-0.355,0.269,0],"to":[0.342,-0.315,0]},{"o":{"x":0.167,"y":0.173},"i":{"x":0.833,"y":0.845},"s":[402.026,296.413,0],"t":114,"ti":[-0.346,0.201,0],"to":[0.355,-0.269,0]},{"o":{"x":0.167,"y":0.18},"i":{"x":0.833,"y":0.852},"s":[403.097,295.691,0],"t":115,"ti":[-0.308,0.111,0],"to":[0.346,-0.201,0]},{"o":{"x":0.167,"y":0.191},"i":{"x":0.833,"y":0.868},"s":[404.101,295.205,0],"t":116,"ti":[-0.223,0.013,0],"to":[0.308,-0.111,0]},{"o":{"x":0.167,"y":0.225},"i":{"x":0.833,"y":0.877},"s":[404.947,295.023,0],"t":117,"ti":[-0.076,-0.051,0],"to":[0.223,-0.013,0]},{"o":{"x":0.167,"y":0.261},"i":{"x":0.833,"y":0.751},"s":[405.439,295.129,0],"t":118,"ti":[0.073,-0.076,0],"to":[0.076,0.051,0]},{"o":{"x":0.167,"y":0.125},"i":{"x":0.833,"y":0.799},"s":[405.403,295.329,0],"t":119,"ti":[0.17,-0.089,0],"to":[-0.073,0.076,0]},{"o":{"x":0.167,"y":0.142},"i":{"x":0.833,"y":0.825},"s":[405.001,295.583,0],"t":120,"ti":[0.218,-0.092,0],"to":[-0.17,0.089,0]},{"o":{"x":0.167,"y":0.159},"i":{"x":0.833,"y":0.838},"s":[404.384,295.861,0],"t":121,"ti":[0.225,-0.088,0],"to":[-0.218,0.092,0]},{"o":{"x":0.167,"y":0.172},"i":{"x":0.833,"y":0.85},"s":[403.69,296.136,0],"t":122,"ti":[0.196,-0.078,0],"to":[-0.225,0.088,0]},{"o":{"x":0.167,"y":0.188},"i":{"x":0.833,"y":0.865},"s":[403.034,296.39,0],"t":123,"ti":[0.137,-0.063,0],"to":[-0.196,0.078,0]},{"o":{"x":0.167,"y":0.219},"i":{"x":0.833,"y":0.883},"s":[402.514,296.605,0],"t":124,"ti":[0.054,-0.046,0],"to":[-0.137,0.063,0]},{"o":{"x":0.167,"y":0.292},"i":{"x":0.833,"y":0.733},"s":[402.212,296.771,0],"t":125,"ti":[-0.045,-0.027,0],"to":[-0.054,0.046,0]},{"o":{"x":0.167,"y":0.121},"i":{"x":0.833,"y":0.74},"s":[402.188,296.88,0],"t":126,"ti":[-0.157,-0.007,0],"to":[0.045,0.027,0]},{"o":{"x":0.167,"y":0.123},"i":{"x":0.833,"y":0.787},"s":[402.485,296.93,0],"t":127,"ti":[-0.273,0.01,0],"to":[0.157,0.007,0]},{"o":{"x":0.167,"y":0.137},"i":{"x":0.833,"y":0.806},"s":[403.128,296.924,0],"t":128,"ti":[-0.386,0.023,0],"to":[0.273,-0.01,0]},{"o":{"x":0.167,"y":0.146},"i":{"x":0.833,"y":0.835},"s":[404.124,296.868,0],"t":129,"ti":[-0.436,-0.009,0],"to":[0.386,-0.023,0]},{"o":{"x":0.167,"y":0.168},"i":{"x":0.833,"y":0.848},"s":[405.446,296.787,0],"t":130,"ti":[-0.384,-0.08,0],"to":[0.436,0.009,0]},{"o":{"x":0.167,"y":0.184},"i":{"x":0.833,"y":0.857},"s":[406.738,296.922,0],"t":131,"ti":[-0.274,-0.13,0],"to":[0.384,0.08,0]},{"o":{"x":0.167,"y":0.199},"i":{"x":0.833,"y":0.863},"s":[407.752,297.265,0],"t":132,"ti":[-0.137,-0.147,0],"to":[0.274,0.13,0]},{"o":{"x":0.167,"y":0.214},"i":{"x":0.833,"y":0.836},"s":[408.384,297.703,0],"t":133,"ti":[0.016,-0.135,0],"to":[0.137,0.147,0]},{"o":{"x":0.167,"y":0.169},"i":{"x":0.833,"y":0.782},"s":[408.571,298.144,0],"t":134,"ti":[0.169,-0.101,0],"to":[-0.016,0.135,0]},{"o":{"x":0.167,"y":0.135},"i":{"x":0.833,"y":0.795},"s":[408.289,298.512,0],"t":135,"ti":[0.31,-0.05,0],"to":[-0.169,0.101,0]},{"o":{"x":0.167,"y":0.14},"i":{"x":0.833,"y":0.811},"s":[407.557,298.749,0],"t":136,"ti":[0.424,0.011,0],"to":[-0.31,0.05,0]},{"o":{"x":0.167,"y":0.149},"i":{"x":0.833,"y":0.823},"s":[406.432,298.815,0],"t":137,"ti":[0.499,0.076,0],"to":[-0.424,-0.011,0]},{"o":{"x":0.167,"y":0.157},"i":{"x":0.833,"y":0.832},"s":[405.013,298.686,0],"t":138,"ti":[0.52,0.14,0],"to":[-0.499,-0.076,0]},{"o":{"x":0.167,"y":0.165},"i":{"x":0.833,"y":0.842},"s":[403.44,298.358,0],"t":139,"ti":[0.475,0.198,0],"to":[-0.52,-0.14,0]},{"o":{"x":0.167,"y":0.176},"i":{"x":0.833,"y":0.853},"s":[401.893,297.844,0],"t":140,"ti":[0.349,0.242,0],"to":[-0.475,-0.198,0]},{"o":{"x":0.167,"y":0.193},"i":{"x":0.833,"y":0.848},"s":[400.593,297.173,0],"t":141,"ti":[0.187,0.272,0],"to":[-0.349,-0.242,0]},{"o":{"x":0.167,"y":0.185},"i":{"x":0.833,"y":0.826},"s":[399.801,296.394,0],"t":142,"ti":[0.131,0.29,0],"to":[-0.187,-0.272,0]},{"o":{"x":0.167,"y":0.16},"i":{"x":0.833,"y":0.839},"s":[399.473,295.539,0],"t":143,"ti":[0.164,0.276,0],"to":[-0.131,-0.29,0]},{"o":{"x":0.167,"y":0.172},"i":{"x":0.833,"y":0.85},"s":[399.013,294.656,0],"t":144,"ti":[0.171,0.22,0],"to":[-0.164,-0.276,0]},{"o":{"x":0.167,"y":0.188},"i":{"x":0.833,"y":0.862},"s":[398.488,293.885,0],"t":145,"ti":[0.154,0.132,0],"to":[-0.171,-0.22,0]},{"o":{"x":0.167,"y":0.21},"i":{"x":0.833,"y":0.863},"s":[397.984,293.338,0],"t":146,"ti":[0.117,0.025,0],"to":[-0.154,-0.132,0]},{"o":{"x":0.167,"y":0.212},"i":{"x":0.833,"y":0.794},"s":[397.566,293.092,0],"t":147,"ti":[0.067,-0.09,0],"to":[-0.117,-0.025,0]},{"o":{"x":0.167,"y":0.14},"i":{"x":0.833,"y":0.779},"s":[397.283,293.188,0],"t":148,"ti":[0.01,-0.201,0],"to":[-0.067,0.09,0]},{"o":{"x":0.167,"y":0.134},"i":{"x":0.833,"y":0.803},"s":[397.166,293.632,0],"t":149,"ti":[-0.049,-0.297,0],"to":[-0.01,0.201,0]},{"o":{"x":0.167,"y":0.144},"i":{"x":0.833,"y":0.818},"s":[397.226,294.395,0],"t":150,"ti":[-0.102,-0.366,0],"to":[0.049,0.297,0]},{"o":{"x":0.167,"y":0.154},"i":{"x":0.833,"y":0.829},"s":[397.459,295.415,0],"t":151,"ti":[-0.145,-0.397,0],"to":[0.102,0.366,0]},{"o":{"x":0.167,"y":0.163},"i":{"x":0.833,"y":0.84},"s":[397.84,296.593,0],"t":152,"ti":[-0.171,-0.376,0],"to":[0.145,0.397,0]},{"o":{"x":0.167,"y":0.174},"i":{"x":0.833,"y":0.855},"s":[398.328,297.794,0],"t":153,"ti":[-0.175,-0.294,0],"to":[0.171,0.376,0]},{"o":{"x":0.167,"y":0.196},"i":{"x":0.833,"y":0.864},"s":[398.865,298.852,0],"t":154,"ti":[-0.17,-0.144,0],"to":[0.175,0.294,0]},{"o":{"x":0.167,"y":0.216},"i":{"x":0.833,"y":0.83},"s":[399.377,299.557,0],"t":155,"ti":[-0.166,0.02,0],"to":[0.17,0.144,0]},{"o":{"x":0.167,"y":0.163},"i":{"x":0.833,"y":0.814},"s":[399.885,299.715,0],"t":156,"ti":[-0.153,0.138,0],"to":[0.166,-0.02,0]},{"o":{"x":0.167,"y":0.151},"i":{"x":0.833,"y":0.826},"s":[400.373,299.437,0],"t":157,"ti":[-0.128,0.206,0],"to":[0.153,-0.138,0]},{"o":{"x":0.167,"y":0.16},"i":{"x":0.833,"y":0.837},"s":[400.801,298.885,0],"t":158,"ti":[-0.095,0.229,0],"to":[0.128,-0.206,0]},{"o":{"x":0.167,"y":0.171},"i":{"x":0.833,"y":0.848},"s":[401.141,298.202,0],"t":159,"ti":[-0.059,0.213,0],"to":[0.095,-0.229,0]},{"o":{"x":0.167,"y":0.184},"i":{"x":0.833,"y":0.861},"s":[401.373,297.514,0],"t":160,"ti":[-0.022,0.166,0],"to":[0.059,-0.213,0]},{"o":{"x":0.167,"y":0.207},"i":{"x":0.833,"y":0.879},"s":[401.493,296.924,0],"t":161,"ti":[0.012,0.093,0],"to":[0.022,-0.166,0]},{"o":{"x":0.167,"y":0.267},"i":{"x":0.833,"y":0.818},"s":[401.503,296.52,0],"t":162,"ti":[0.038,0,0],"to":[-0.012,-0.093,0]},{"o":{"x":0.167,"y":0.154},"i":{"x":0.833,"y":0.721},"s":[401.421,296.369,0],"t":163,"ti":[0.054,-0.105,0],"to":[-0.038,0,0]},{"o":{"x":0.167,"y":0.119},"i":{"x":0.833,"y":0.781},"s":[401.274,296.518,0],"t":164,"ti":[0.055,-0.216,0],"to":[-0.054,0.105,0]},{"o":{"x":0.167,"y":0.134},"i":{"x":0.833,"y":0.801},"s":[401.099,296.997,0],"t":165,"ti":[0.037,-0.328,0],"to":[-0.055,0.216,0]},{"o":{"x":0.167,"y":0.144},"i":{"x":0.833,"y":0.82},"s":[400.946,297.815,0],"t":166,"ti":[0.003,-0.414,0],"to":[-0.037,0.328,0]},{"o":{"x":0.167,"y":0.155},"i":{"x":0.833,"y":0.842},"s":[400.877,298.964,0],"t":167,"ti":[-0.025,-0.421,0],"to":[-0.003,0.414,0]},{"o":{"x":0.167,"y":0.177},"i":{"x":0.833,"y":0.849},"s":[400.926,300.3,0],"t":168,"ti":[-0.035,-0.358,0],"to":[0.025,0.421,0]},{"o":{"x":0.167,"y":0.186},"i":{"x":0.833,"y":0.857},"s":[401.024,301.488,0],"t":169,"ti":[-0.033,-0.275,0],"to":[0.035,0.358,0]},{"o":{"x":0.167,"y":0.199},"i":{"x":0.833,"y":0.869},"s":[401.133,302.448,0],"t":170,"ti":[-0.023,-0.181,0],"to":[0.033,0.275,0]},{"o":{"x":0.167,"y":0.228},"i":{"x":0.833,"y":0.893},"s":[401.224,303.136,0],"t":171,"ti":[-0.007,-0.084,0],"to":[0.023,0.181,0]},{"o":{"x":0.167,"y":0.371},"i":{"x":0.833,"y":0.796},"s":[401.274,303.532,0],"t":172,"ti":[0.013,0.007,0],"to":[0.007,0.084,0]},{"o":{"x":0.167,"y":0.141},"i":{"x":0.833,"y":0.727},"s":[401.268,303.641,0],"t":173,"ti":[0.035,0.085,0],"to":[-0.013,-0.007,0]},{"o":{"x":0.167,"y":0.12},"i":{"x":0.833,"y":0.802},"s":[401.196,303.49,0],"t":174,"ti":[0.056,0.14,0],"to":[-0.035,-0.085,0]},{"o":{"x":0.167,"y":0.144},"i":{"x":0.833,"y":0.826},"s":[401.058,303.133,0],"t":175,"ti":[0.075,0.166,0],"to":[-0.056,-0.14,0]},{"o":{"x":0.167,"y":0.16},"i":{"x":0.833,"y":0.844},"s":[400.859,302.648,0],"t":176,"ti":[0.088,0.154,0],"to":[-0.075,-0.166,0]},{"o":{"x":0.167,"y":0.178},"i":{"x":0.833,"y":0.86},"s":[400.61,302.136,0],"t":177,"ti":[0.094,0.096,0],"to":[-0.088,-0.154,0]},{"o":{"x":0.167,"y":0.206},"i":{"x":0.833,"y":0.829},"s":[400.331,301.724,0],"t":178,"ti":[0.087,-0.014,0],"to":[-0.094,-0.096,0]},{"o":{"x":0.167,"y":0.162},"i":{"x":0.833,"y":0.827},"s":[400.046,301.562,0],"t":179,"ti":[0.02,-0.099,0],"to":[-0.087,0.014,0]},{"o":{"x":0.167,"y":0.161},"i":{"x":0.833,"y":0.797},"s":[399.806,301.805,0],"t":180,"ti":[-0.102,-0.098,0],"to":[-0.02,0.099,0]},{"o":{"x":0.167,"y":0.141},"i":{"x":0.833,"y":0.805},"s":[399.928,302.155,0],"t":181,"ti":[-0.204,-0.051,0],"to":[0.102,0.098,0]},{"o":{"x":0.167,"y":0.145},"i":{"x":0.833,"y":0.818},"s":[400.419,302.392,0],"t":182,"ti":[-0.266,0.012,0],"to":[0.204,0.051,0]},{"o":{"x":0.167,"y":0.154},"i":{"x":0.833,"y":0.825},"s":[401.153,302.46,0],"t":183,"ti":[-0.294,0.085,0],"to":[0.266,-0.012,0]},{"o":{"x":0.167,"y":0.159},"i":{"x":0.833,"y":0.828},"s":[402.017,302.319,0],"t":184,"ti":[-0.29,0.16,0],"to":[0.294,-0.085,0]},{"o":{"x":0.167,"y":0.162},"i":{"x":0.833,"y":0.83},"s":[402.914,301.952,0],"t":185,"ti":[-0.259,0.23,0],"to":[0.29,-0.16,0]},{"o":{"x":0.167,"y":0.164},"i":{"x":0.833,"y":0.832},"s":[403.755,301.361,0],"t":186,"ti":[-0.206,0.289,0],"to":[0.259,-0.23,0]},{"o":{"x":0.167,"y":0.165},"i":{"x":0.833,"y":0.834},"s":[404.468,300.571,0],"t":187,"ti":[-0.136,0.33,0],"to":[0.206,-0.289,0]},{"o":{"x":0.167,"y":0.167},"i":{"x":0.833,"y":0.836},"s":[404.994,299.625,0],"t":188,"ti":[-0.052,0.346,0],"to":[0.136,-0.33,0]},{"o":{"x":0.167,"y":0.169},"i":{"x":0.833,"y":0.838},"s":[405.284,298.589,0],"t":189,"ti":[0.041,0.33,0],"to":[0.052,-0.346,0]},{"o":{"x":0.167,"y":0.172},"i":{"x":0.833,"y":0.839},"s":[405.306,297.548,0],"t":190,"ti":[0.139,0.275,0],"to":[-0.041,-0.33,0]},{"o":{"x":0.167,"y":0.173},"i":{"x":0.833,"y":0.824},"s":[405.039,296.609,0],"t":191,"ti":[0.251,0.178,0],"to":[-0.139,-0.275,0]},{"o":{"x":0.167,"y":0.159},"i":{"x":0.833,"y":0.804},"s":[404.475,295.898,0],"t":192,"ti":[0.385,0.063,0],"to":[-0.251,-0.178,0]},{"o":{"x":0.167,"y":0.145},"i":{"x":0.833,"y":0.822},"s":[403.533,295.543,0],"t":193,"ti":[0.484,-0.031,0],"to":[-0.385,-0.063,0]},{"o":{"x":0.167,"y":0.157},"i":{"x":0.833,"y":0.834},"s":[402.167,295.52,0],"t":194,"ti":[0.505,-0.094,0],"to":[-0.484,0.031,0]},{"o":{"x":0.167,"y":0.168},"i":{"x":0.833,"y":0.844},"s":[400.628,295.731,0],"t":195,"ti":[0.461,-0.129,0],"to":[-0.505,0.094,0]},{"o":{"x":0.167,"y":0.179},"i":{"x":0.833,"y":0.853},"s":[399.135,296.086,0],"t":196,"ti":[0.367,-0.14,0],"to":[-0.461,0.129,0]},{"o":{"x":0.167,"y":0.193},"i":{"x":0.833,"y":0.866},"s":[397.861,296.508,0],"t":197,"ti":[0.239,-0.128,0],"to":[-0.367,0.14,0]},{"o":{"x":0.167,"y":0.221},"i":{"x":0.833,"y":0.88},"s":[396.93,296.924,0],"t":198,"ti":[0.092,-0.098,0],"to":[-0.239,0.128,0]},{"o":{"x":0.167,"y":0.275},"i":{"x":0.833,"y":0.789},"s":[396.424,297.276,0],"t":199,"ti":[-0.058,-0.052,0],"to":[-0.092,0.098,0]},{"o":{"x":0.167,"y":0.138},"i":{"x":0.833,"y":0.756},"s":[396.376,297.511,0],"t":200,"ti":[-0.197,0.006,0],"to":[0.058,0.052,0]},{"o":{"x":0.167,"y":0.127},"i":{"x":0.833,"y":0.799},"s":[396.773,297.588,0],"t":201,"ti":[-0.309,0.073,0],"to":[0.197,-0.006,0]},{"o":{"x":0.167,"y":0.143},"i":{"x":0.833,"y":0.818},"s":[397.557,297.475,0],"t":202,"ti":[-0.378,0.147,0],"to":[0.309,-0.073,0]},{"o":{"x":0.167,"y":0.154},"i":{"x":0.833,"y":0.83},"s":[398.624,297.149,0],"t":203,"ti":[-0.39,0.217,0],"to":[0.378,-0.147,0]},{"o":{"x":0.167,"y":0.164},"i":{"x":0.833,"y":0.851},"s":[399.823,296.596,0],"t":204,"ti":[-0.364,0.163,0],"to":[0.39,-0.217,0]},{"o":{"x":0.167,"y":0.189},"i":{"x":0.833,"y":0.843},"s":[400.966,295.85,0],"t":205,"ti":[-0.314,-0.028,0],"to":[0.364,-0.163,0]},{"o":{"x":0.167,"y":0.178},"i":{"x":0.833,"y":0.828},"s":[402.008,295.616,0],"t":206,"ti":[-0.227,-0.21,0],"to":[0.314,0.028,0]},{"o":{"x":0.167,"y":0.161},"i":{"x":0.833,"y":0.821},"s":[402.849,296.018,0],"t":207,"ti":[-0.106,-0.335,0],"to":[0.227,0.21,0]},{"o":{"x":0.167,"y":0.156},"i":{"x":0.833,"y":0.821},"s":[403.368,296.878,0],"t":208,"ti":[0.035,-0.406,0],"to":[0.106,0.335,0]},{"o":{"x":0.167,"y":0.156},"i":{"x":0.833,"y":0.823},"s":[403.483,298.027,0],"t":209,"ti":[0.183,-0.428,0],"to":[-0.035,0.406,0]},{"o":{"x":0.167,"y":0.157},"i":{"x":0.833,"y":0.825},"s":[403.156,299.312,0],"t":210,"ti":[0.323,-0.405,0],"to":[-0.183,0.428,0]},{"o":{"x":0.167,"y":0.159},"i":{"x":0.833,"y":0.828},"s":[402.387,300.593,0],"t":211,"ti":[0.441,-0.343,0],"to":[-0.323,0.405,0]},{"o":{"x":0.167,"y":0.162},"i":{"x":0.833,"y":0.832},"s":[401.22,301.745,0],"t":212,"ti":[0.525,-0.245,0],"to":[-0.441,0.343,0]},{"o":{"x":0.167,"y":0.165},"i":{"x":0.833,"y":0.836},"s":[399.738,302.652,0],"t":213,"ti":[0.561,-0.116,0],"to":[-0.525,0.245,0]},{"o":{"x":0.167,"y":0.17},"i":{"x":0.833,"y":0.84},"s":[398.068,303.215,0],"t":214,"ti":[0.534,0.04,0],"to":[-0.561,0.116,0]},{"o":{"x":0.167,"y":0.174},"i":{"x":0.833,"y":0.84},"s":[396.375,303.348,0],"t":215,"ti":[0.43,0.218,0],"to":[-0.534,-0.04,0]},{"o":{"x":0.167,"y":0.174},"i":{"x":0.833,"y":0.829},"s":[394.867,302.977,0],"t":216,"ti":[0.304,0.373,0],"to":[-0.43,-0.218,0]},{"o":{"x":0.167,"y":0.163},"i":{"x":0.833,"y":0.834},"s":[393.793,302.041,0],"t":217,"ti":[0.302,0.393,0],"to":[-0.304,-0.373,0]},{"o":{"x":0.167,"y":0.167},"i":{"x":0.833,"y":0.842},"s":[393.046,300.736,0],"t":218,"ti":[0.373,0.284,0],"to":[-0.302,-0.393,0]},{"o":{"x":0.167,"y":0.176},"i":{"x":0.833,"y":0.848},"s":[391.981,299.686,0],"t":219,"ti":[0.377,0.14,0],"to":[-0.373,-0.284,0]},{"o":{"x":0.167,"y":0.185},"i":{"x":0.833,"y":0.848},"s":[390.805,299.03,0],"t":220,"ti":[0.321,-0.023,0],"to":[-0.377,-0.14,0]},{"o":{"x":0.167,"y":0.184},"i":{"x":0.833,"y":0.829},"s":[389.719,298.846,0],"t":221,"ti":[0.221,-0.19,0],"to":[-0.321,0.023,0]},{"o":{"x":0.167,"y":0.162},"i":{"x":0.833,"y":0.807},"s":[388.878,299.167,0],"t":222,"ti":[0.092,-0.348,0],"to":[-0.221,0.19,0]},{"o":{"x":0.167,"y":0.147},"i":{"x":0.833,"y":0.808},"s":[388.392,299.986,0],"t":223,"ti":[-0.052,-0.481,0],"to":[-0.092,0.348,0]},{"o":{"x":0.167,"y":0.147},"i":{"x":0.833,"y":0.816},"s":[388.327,301.252,0],"t":224,"ti":[-0.195,-0.577,0],"to":[0.052,0.481,0]},{"o":{"x":0.167,"y":0.153},"i":{"x":0.833,"y":0.825},"s":[388.703,302.874,0],"t":225,"ti":[-0.322,-0.622,0],"to":[0.195,0.577,0]},{"o":{"x":0.167,"y":0.159},"i":{"x":0.833,"y":0.834},"s":[389.496,304.717,0],"t":226,"ti":[-0.418,-0.6,0],"to":[0.322,0.622,0]},{"o":{"x":0.167,"y":0.167},"i":{"x":0.833,"y":0.843},"s":[390.635,306.605,0],"t":227,"ti":[-0.469,-0.499,0],"to":[0.418,0.6,0]},{"o":{"x":0.167,"y":0.178},"i":{"x":0.833,"y":0.854},"s":[392.005,308.319,0],"t":228,"ti":[-0.463,-0.308,0],"to":[0.469,0.499,0]},{"o":{"x":0.167,"y":0.194},"i":{"x":0.833,"y":0.83},"s":[393.447,309.599,0],"t":229,"ti":[-0.474,-0.111,0],"to":[0.463,0.308,0]},{"o":{"x":0.167,"y":0.163},"i":{"x":0.833,"y":0.826},"s":[394.782,310.166,0],"t":230,"ti":[-0.525,0.014,0],"to":[0.474,0.111,0]},{"o":{"x":0.167,"y":0.16},"i":{"x":0.833,"y":0.835},"s":[396.292,310.262,0],"t":231,"ti":[-0.532,0.099,0],"to":[0.525,-0.014,0]},{"o":{"x":0.167,"y":0.169},"i":{"x":0.833,"y":0.842},"s":[397.931,310.082,0],"t":232,"ti":[-0.475,0.17,0],"to":[0.532,-0.099,0]},{"o":{"x":0.167,"y":0.177},"i":{"x":0.833,"y":0.847},"s":[399.484,309.666,0],"t":233,"ti":[-0.371,0.224,0],"to":[0.475,-0.17,0]},{"o":{"x":0.167,"y":0.184},"i":{"x":0.833,"y":0.849},"s":[400.782,309.063,0],"t":234,"ti":[-0.235,0.262,0],"to":[0.371,-0.224,0]},{"o":{"x":0.167,"y":0.186},"i":{"x":0.833,"y":0.842},"s":[401.708,308.32,0],"t":235,"ti":[-0.083,0.282,0],"to":[0.235,-0.262,0]},{"o":{"x":0.167,"y":0.176},"i":{"x":0.833,"y":0.827},"s":[402.191,307.49,0],"t":236,"ti":[0.068,0.282,0],"to":[0.083,-0.282,0]},{"o":{"x":0.167,"y":0.16},"i":{"x":0.833,"y":0.82},"s":[402.207,306.629,0],"t":237,"ti":[0.202,0.263,0],"to":[-0.068,-0.282,0]},{"o":{"x":0.167,"y":0.155},"i":{"x":0.833,"y":0.825},"s":[401.784,305.796,0],"t":238,"ti":[0.304,0.222,0],"to":[-0.202,-0.263,0]},{"o":{"x":0.167,"y":0.159},"i":{"x":0.833,"y":0.835},"s":[400.993,305.053,0],"t":239,"ti":[0.358,0.158,0],"to":[-0.304,-0.222,0]},{"o":{"x":0.167,"y":0.168},"i":{"x":0.833,"y":0.847},"s":[399.957,304.466,0],"t":240,"ti":[0.346,0.071,0],"to":[-0.358,-0.158,0]},{"o":{"x":0.167,"y":0.184},"i":{"x":0.833,"y":0.853},"s":[398.846,304.104,0],"t":241,"ti":[0.28,-0.025,0],"to":[-0.346,-0.071,0]},{"o":{"x":0.167,"y":0.192},"i":{"x":0.833,"y":0.842},"s":[397.878,304.039,0],"t":242,"ti":[0.218,-0.085,0],"to":[-0.28,0.025,0]},{"o":{"x":0.167,"y":0.176},"i":{"x":0.833,"y":0.853},"s":[397.169,304.256,0],"t":243,"ti":[0.168,-0.099,0],"to":[-0.218,0.085,0]},{"o":{"x":0.167,"y":0.193},"i":{"x":0.833,"y":0.866},"s":[396.567,304.547,0],"t":244,"ti":[0.092,-0.094,0],"to":[-0.168,0.099,0]},{"o":{"x":0.167,"y":0.222},"i":{"x":0.833,"y":0.845},"s":[396.16,304.848,0],"t":245,"ti":[-0.003,-0.075,0],"to":[-0.092,0.094,0]},{"o":{"x":0.167,"y":0.18},"i":{"x":0.833,"y":0.761},"s":[396.017,305.11,0],"t":246,"ti":[-0.107,-0.047,0],"to":[0.003,0.075,0]},{"o":{"x":0.167,"y":0.128},"i":{"x":0.833,"y":0.784},"s":[396.181,305.298,0],"t":247,"ti":[-0.211,-0.012,0],"to":[0.107,0.047,0]},{"o":{"x":0.167,"y":0.136},"i":{"x":0.833,"y":0.805},"s":[396.662,305.389,0],"t":248,"ti":[-0.303,0.025,0],"to":[0.211,0.012,0]},{"o":{"x":0.167,"y":0.146},"i":{"x":0.833,"y":0.833},"s":[397.444,305.371,0],"t":249,"ti":[-0.173,0.022,0],"to":[0.303,-0.025,0]},{"s":[398.482,305.242,0],"t":250}],"ix":2},"r":{"a":0,"k":0,"ix":10},"sa":{"a":0,"k":0},"o":{"a":0,"k":100,"ix":11}},"ef":[],"shapes":[{"ty":"gr","bm":0,"hd":false,"mn":"ADBE Vector Group","nm":"Group 1","ix":1,"cix":2,"np":2,"it":[{"ty":"sh","bm":0,"hd":false,"mn":"ADBE Vector Shape - Group","nm":"Path 1","ix":1,"d":1,"ks":{"a":0,"k":{"c":true,"i":[[-3.57,2.062],[0,0],[-3.104,0.167],[0,0],[0,0],[-1.251,-0.726],[0,0],[3.569,-2.061],[0,0],[3.121,-0.169],[0,0],[0,0],[1.23,0.715],[0,0]],"o":[[0,0],[1.982,-1.145],[0,0],[0,0],[1.863,0.355],[0,0],[3.564,2.073],[0,0],[-1.973,1.138],[0,0],[0,0],[-1.9,-0.365],[0,0],[-3.565,-2.073]],"v":[[-18.757,-7.85],[-14.848,-10.106],[-6.845,-12.169],[-3.887,-12.329],[-0.941,-11.768],[3.817,-10.115],[18.772,-1.426],[18.759,7.859],[14.858,10.111],[6.845,12.168],[3.855,12.329],[0.967,11.774],[-3.818,10.124],[-18.77,1.435]]},"ix":2}},{"ty":"fl","bm":0,"hd":false,"mn":"ADBE Vector Graphic - Fill","nm":"Fill 1","c":{"a":0,"k":[0.9373,0.3686,0.3608],"ix":4},"r":1,"o":{"a":0,"k":100,"ix":5}},{"ty":"tr","a":{"a":0,"k":[0,0],"ix":1},"s":{"a":0,"k":[100,100],"ix":3},"sk":{"a":0,"k":0,"ix":4},"p":{"a":0,"k":[97.132,60.887],"ix":2},"r":{"a":0,"k":0,"ix":6},"sa":{"a":0,"k":0,"ix":5},"o":{"a":0,"k":100,"ix":7}}]},{"ty":"gr","bm":0,"hd":false,"mn":"ADBE Vector Group","nm":"Group 2","ix":2,"cix":2,"np":2,"it":[{"ty":"sh","bm":0,"hd":false,"mn":"ADBE Vector Shape - Group","nm":"Path 1","ix":1,"d":1,"ks":{"a":0,"k":{"c":true,"i":[[0,0],[-3.511,2.027],[0,0],[-4.574,0.246],[0,0],[0,0],[0,0],[0,0],[-2.32,-1.349],[0,0],[-0.958,-1.129],[0,0],[0,0],[0,0],[3.508,-2.025],[0,0],[4.575,-0.247],[0,0],[0,0],[0,0],[2.31,1.343],[0,0],[0.947,1.688],[0,0],[0,0]],"o":[[0.44,-2.648],[0,0],[3.51,-2.029],[0,0],[0,0],[0,0],[0,0],[2.909,0.553],[0,0],[2.311,1.341],[0,0],[0,0],[0,0],[-0.441,2.648],[0,0],[-3.511,2.029],[0,0],[0,0],[0,0],[-2.92,-0.561],[0,0],[-2.32,-1.351],[0,0],[0,0],[0,0]],"v":[[-38.529,-2.809],[-32.598,-10.064],[-19.935,-17.373],[-7.388,-20.788],[-7.276,-59.089],[0.998,-58.946],[1.073,-58.946],[0.966,-20.069],[8.935,-17.293],[32.699,-3.619],[37.596,0.87],[96.878,0.87],[96.842,5.809],[38.536,5.853],[32.617,13.139],[19.953,20.461],[7.396,23.875],[7.284,59.089],[-1.064,59.084],[-0.948,23.32],[-8.929,20.474],[-32.693,6.667],[-37.578,2.034],[-96.878,2.026],[-96.843,-2.802]]},"ix":2}},{"ty":"fl","bm":0,"hd":false,"mn":"ADBE Vector Graphic - Fill","nm":"Fill 1","c":{"a":0,"k":[0.9373,0.3686,0.3608],"ix":4},"r":1,"o":{"a":0,"k":100,"ix":5}},{"ty":"tr","a":{"a":0,"k":[0,0],"ix":1},"s":{"a":0,"k":[100,100],"ix":3},"sk":{"a":0,"k":0,"ix":4},"p":{"a":0,"k":[97.129,59.339],"ix":2},"r":{"a":0,"k":0,"ix":6},"sa":{"a":0,"k":0,"ix":5},"o":{"a":0,"k":100,"ix":7}}]},{"ty":"gr","bm":0,"hd":false,"mn":"ADBE Vector Group","nm":"Group 3","ix":3,"cix":2,"np":2,"it":[{"ty":"sh","bm":0,"hd":false,"mn":"ADBE Vector Shape - Group","nm":"Path 1","ix":1,"d":1,"ks":{"a":0,"k":{"c":true,"i":[[-0.152,0.025],[-0.842,0.212],[-0.188,0.051],[-0.915,0.365],[-0.059,0.024],[-0.841,0.486],[0,0],[-0.44,2.648],[0,0],[0,0],[0,0],[3.552,0.002],[0,0],[3.509,-2.027],[0,0],[0.939,-0.383],[0.059,-0.024],[0.034,-0.011],[0.843,-0.24],[0.1,-0.026],[0.19,-0.048],[0.429,-0.088],[0.438,-0.071],[0.153,-0.022],[0.086,-0.013],[0.668,-0.055],[0.333,-0.019],[0,0],[0,0],[0,0],[-1.068,0.159]],"o":[[0.875,-0.143],[0.189,-0.047],[0.982,-0.27],[0.058,-0.022],[0.939,-0.383],[0,0],[3.509,-2.027],[0,0],[0,0],[0,0],[-0.02,2.678],[0,0],[-0.441,2.648],[0,0],[-0.842,0.487],[-0.059,0.023],[-0.034,0.01],[-0.79,0.312],[-0.098,0.028],[-0.189,0.053],[-0.422,0.106],[-0.431,0.088],[-0.152,0.026],[-0.088,0.015],[-0.66,0.094],[-0.328,0.027],[0,0],[0,0],[0,0],[1.093,-0.059],[0.153,-0.026]],"v":[[-41.056,6.906],[-38.48,6.369],[-37.91,6.23],[-35.054,5.285],[-34.883,5.212],[-32.201,3.915],[-19.536,-3.395],[-13.616,-10.658],[44.69,-10.652],[44.726,-15.493],[44.757,-7.322],[38.299,-2.481],[-13.592,-2.486],[-19.514,4.777],[-32.177,12.087],[-34.859,13.384],[-35.031,13.46],[-35.13,13.499],[-37.584,14.327],[-37.887,14.402],[-38.458,14.543],[-39.723,14.851],[-41.032,15.079],[-41.486,15.158],[-41.746,15.204],[-43.739,15.426],[-44.731,15.493],[-44.733,15.493],[-44.734,15.493],[-44.757,7.32],[-41.51,6.988]]},"ix":2}},{"ty":"fl","bm":0,"hd":false,"mn":"ADBE Vector Graphic - Fill","nm":"Fill 1","c":{"a":0,"k":[0.9373,0.3686,0.3608],"ix":4},"r":1,"o":{"a":0,"k":100,"ix":5}},{"ty":"tr","a":{"a":0,"k":[0,0],"ix":1},"s":{"a":0,"k":[100,100],"ix":3},"sk":{"a":0,"k":0,"ix":4},"p":{"a":0,"k":[149.281,75.899],"ix":2},"r":{"a":0,"k":0,"ix":6},"sa":{"a":0,"k":0,"ix":5},"o":{"a":0,"k":100,"ix":7}}]},{"ty":"gr","bm":0,"hd":false,"mn":"ADBE Vector Group","nm":"Group 4","ix":4,"cix":2,"np":2,"it":[{"ty":"sh","bm":0,"hd":false,"mn":"ADBE Vector Shape - Group","nm":"Path 1","ix":1,"d":1,"ks":{"a":0,"k":{"c":true,"i":[[-0.319,-0.405],[-0.442,-0.414],[-0.456,-0.338],[-0.05,-0.039],[-0.528,-0.306],[0,0],[-0.696,-0.31],[-0.234,-0.095],[-0.506,-0.17],[-0.407,-0.115],[-0.205,-0.052],[-0.672,-0.13],[0,0],[0.65,0.17],[0.204,0.057],[0.294,0.094],[0.105,0.035],[0.484,0.198],[0.228,0.1],[0.636,0.368],[0,0],[0.095,0.058],[0.373,0.269],[0.047,0.035],[0.361,0.336],[0.026,0.024],[0.343,0.436],[0,0],[0.233,0.412],[0.003,0.005],[0,0],[0.018,4.515],[0,0]],"o":[[0.344,0.438],[0.38,0.359],[0.048,0.038],[0.454,0.33],[0,0],[0.636,0.37],[0.228,0.1],[0.483,0.196],[0.395,0.132],[0.203,0.059],[0.65,0.171],[0,0],[-0.672,-0.128],[-0.205,-0.053],[-0.299,-0.086],[-0.105,-0.032],[-0.506,-0.168],[-0.233,-0.094],[-0.696,-0.31],[0,0],[-0.096,-0.058],[-0.421,-0.253],[-0.048,-0.037],[-0.426,-0.317],[-0.025,-0.022],[-0.44,-0.416],[0,0],[-0.316,-0.401],[-0.004,-0.008],[0,0],[-5.992,-0.002],[0,0],[0.236,0.42]],"v":[[12.156,-13.488],[13.342,-12.209],[14.588,-11.162],[14.746,-11.054],[16.21,-10.096],[39.972,3.713],[41.978,4.725],[42.679,5.007],[44.158,5.562],[45.363,5.932],[45.971,6.106],[47.953,6.561],[47.977,14.732],[45.995,14.279],[45.386,14.107],[44.487,13.848],[44.179,13.733],[42.702,13.178],[42.002,12.898],[39.996,11.888],[16.232,-1.922],[15.944,-2.095],[14.765,-2.885],[14.611,-2.988],[13.431,-3.965],[13.364,-4.036],[12.18,-5.313],[12.178,-5.317],[11.356,-6.537],[11.347,-6.556],[-37.107,-6.559],[-47.977,-14.732],[11.323,-14.727]]},"ix":2}},{"ty":"fl","bm":0,"hd":false,"mn":"ADBE Vector Graphic - Fill","nm":"Fill 1","c":{"a":0,"k":[0.9373,0.3686,0.3608],"ix":4},"r":1,"o":{"a":0,"k":100,"ix":5}},{"ty":"tr","a":{"a":0,"k":[0,0],"ix":1},"s":{"a":0,"k":[100,100],"ix":3},"sk":{"a":0,"k":0,"ix":4},"p":{"a":0,"k":[48.227,76.1],"ix":2},"r":{"a":0,"k":0,"ix":6},"sa":{"a":0,"k":0,"ix":5},"o":{"a":0,"k":100,"ix":7}}]},{"ty":"gr","bm":0,"hd":false,"mn":"ADBE Vector Group","nm":"Group 5","ix":5,"cix":2,"np":2,"it":[{"ty":"sh","bm":0,"hd":false,"mn":"ADBE Vector Shape - Group","nm":"Path 1","ix":1,"d":1,"ks":{"a":0,"k":{"c":true,"i":[[-1.57,0.907],[-0.004,-1.794],[1.563,-0.902],[0.005,1.803]],"o":[[1.563,-0.901],[0.006,1.805],[-1.569,0.907],[-0.006,-1.796]],"v":[[-0.009,-3.264],[2.837,-1.642],[0.009,3.258],[-2.837,1.636]]},"ix":2}},{"ty":"fl","bm":0,"hd":false,"mn":"ADBE Vector Graphic - Fill","nm":"Fill 1","c":{"a":0,"k":[0.9373,0.3686,0.3608],"ix":4},"r":1,"o":{"a":0,"k":100,"ix":5}},{"ty":"tr","a":{"a":0,"k":[0,0],"ix":1},"s":{"a":0,"k":[100,100],"ix":3},"sk":{"a":0,"k":0,"ix":4},"p":{"a":0,"k":[124.292,91.277],"ix":2},"r":{"a":0,"k":0,"ix":6},"sa":{"a":0,"k":0,"ix":5},"o":{"a":0,"k":100,"ix":7}}]},{"ty":"gr","bm":0,"hd":false,"mn":"ADBE Vector Group","nm":"Group 6","ix":6,"cix":2,"np":2,"it":[{"ty":"sh","bm":0,"hd":false,"mn":"ADBE Vector Shape - Group","nm":"Path 1","ix":1,"d":1,"ks":{"a":0,"k":{"c":true,"i":[[0,0],[0,0],[0,0],[0,0]],"o":[[0,0],[0,0],[0,0],[0,0]],"v":[[2.349,6.882],[-2.317,4.17],[-2.349,-6.882],[2.316,-4.171]]},"ix":2}},{"ty":"fl","bm":0,"hd":false,"mn":"ADBE Vector Graphic - Fill","nm":"Fill 1","c":{"a":0,"k":[0.9373,0.3686,0.3608],"ix":4},"r":1,"o":{"a":0,"k":100,"ix":5}},{"ty":"tr","a":{"a":0,"k":[0,0],"ix":1},"s":{"a":0,"k":[100,100],"ix":3},"sk":{"a":0,"k":0,"ix":4},"p":{"a":0,"k":[115.602,93.31],"ix":2},"r":{"a":0,"k":0,"ix":6},"sa":{"a":0,"k":0,"ix":5},"o":{"a":0,"k":100,"ix":7}}]},{"ty":"gr","bm":0,"hd":false,"mn":"ADBE Vector Group","nm":"Group 7","ix":7,"cix":2,"np":2,"it":[{"ty":"sh","bm":0,"hd":false,"mn":"ADBE Vector Shape - Group","nm":"Path 1","ix":1,"d":1,"ks":{"a":0,"k":{"c":true,"i":[[0,0],[0,0],[0,0],[0,0]],"o":[[0,0],[0,0],[0,0],[0,0]],"v":[[8.201,-2.033],[-3.538,4.743],[-8.201,2.033],[3.537,-4.743]]},"ix":2}},{"ty":"fl","bm":0,"hd":false,"mn":"ADBE Vector Graphic - Fill","nm":"Fill 1","c":{"a":0,"k":[0.9373,0.3686,0.3608],"ix":4},"r":1,"o":{"a":0,"k":100,"ix":5}},{"ty":"tr","a":{"a":0,"k":[0,0],"ix":1},"s":{"a":0,"k":[100,100],"ix":3},"sk":{"a":0,"k":0,"ix":4},"p":{"a":0,"k":[121.456,84.417],"ix":2},"r":{"a":0,"k":0,"ix":6},"sa":{"a":0,"k":0,"ix":5},"o":{"a":0,"k":100,"ix":7}}]},{"ty":"gr","bm":0,"hd":false,"mn":"ADBE Vector Group","nm":"Group 8","ix":8,"cix":2,"np":2,"it":[{"ty":"sh","bm":0,"hd":false,"mn":"ADBE Vector Shape - Group","nm":"Path 1","ix":1,"d":1,"ks":{"a":0,"k":{"c":true,"i":[[0,0],[0,0],[0,0],[0,0]],"o":[[0,0],[0,0],[0,0],[0,0]],"v":[[5.885,2.136],[-5.852,8.914],[-5.885,-2.138],[5.854,-8.914]]},"ix":2}},{"ty":"fl","bm":0,"hd":false,"mn":"ADBE Vector Graphic - Fill","nm":"Fill 1","c":{"a":0,"k":[0.9373,0.3686,0.3608],"ix":4},"r":1,"o":{"a":0,"k":100,"ix":5}},{"ty":"tr","a":{"a":0,"k":[0,0],"ix":1},"s":{"a":0,"k":[100,100],"ix":3},"sk":{"a":0,"k":0,"ix":4},"p":{"a":0,"k":[123.802,91.277],"ix":2},"r":{"a":0,"k":0,"ix":6},"sa":{"a":0,"k":0,"ix":5},"o":{"a":0,"k":100,"ix":7}}]},{"ty":"gr","bm":0,"hd":false,"mn":"ADBE Vector Group","nm":"Group 9","ix":9,"cix":2,"np":2,"it":[{"ty":"sh","bm":0,"hd":false,"mn":"ADBE Vector Shape - Group","nm":"Path 1","ix":1,"d":1,"ks":{"a":0,"k":{"c":true,"i":[[0,0],[0,0],[-3.713,-2.144],[0,0],[-0.013,4.253],[0,0],[0,0],[0,0],[4.509,2.603],[0,0],[-0.015,5.196],[0,0]],"o":[[0,0],[-0.012,4.253],[0,0],[3.701,2.137],[0,0],[0,0],[0,0],[-0.015,5.197],[0,0],[-4.524,-2.611],[0,0],[0,0]],"v":[[-13.334,-16.853],[-13.366,-5.861],[-6.663,5.75],[6.602,13.407],[13.349,9.563],[13.38,-1.427],[14.853,-0.577],[14.821,10.413],[6.597,15.099],[-6.667,7.441],[-14.838,-6.711],[-14.807,-17.702]]},"ix":2}},{"ty":"fl","bm":0,"hd":false,"mn":"ADBE Vector Graphic - Fill","nm":"Fill 1","c":{"a":0,"k":[0.9373,0.3686,0.3608],"ix":4},"r":1,"o":{"a":0,"k":100,"ix":5}},{"ty":"tr","a":{"a":0,"k":[0,0],"ix":1},"s":{"a":0,"k":[100,100],"ix":3},"sk":{"a":0,"k":0,"ix":4},"p":{"a":0,"k":[116.369,68.649],"ix":2},"r":{"a":0,"k":0,"ix":6},"sa":{"a":0,"k":0,"ix":5},"o":{"a":0,"k":100,"ix":7}}]},{"ty":"gr","bm":0,"hd":false,"mn":"ADBE Vector Group","nm":"Group 10","ix":10,"cix":2,"np":2,"it":[{"ty":"sh","bm":0,"hd":false,"mn":"ADBE Vector Shape - Group","nm":"Path 1","ix":1,"d":1,"ks":{"a":0,"k":{"c":true,"i":[[0,0],[0,0],[0,0],[0,0],[-0.077,-0.521],[-0.015,-0.083],[-0.145,-0.489],[-0.013,-0.044],[-0.228,-0.524],[-0.003,-0.009],[-0.293,-0.509],[-0.009,-0.015],[-0.335,-0.46],[-0.032,-0.042],[-0.343,-0.375],[-0.075,-0.076],[-0.289,-0.253],[-0.133,-0.105],[-0.433,-0.251],[0,0],[-0.402,-0.144],[-0.076,-0.026],[-0.354,-0.035],[-0.031,-0.002],[-0.013,0],[0,0],[0,0],[0,0],[0.013,-0.005],[0.119,-0.05],[0.122,-0.036],[0.08,-0.016],[0.017,-0.003],[0.029,-0.005],[0.139,-0.009],[0.152,0.005],[0.046,0.003],[0.034,0.004],[0.09,0.013],[0.202,0.056],[0.083,0.025],[0.08,0.029],[0.104,0.044],[0.317,0.183],[0,0],[0.411,0.329],[0.129,0.113],[0.191,0.189],[0.086,0.092],[0.073,0.08],[0.081,0.096],[0.179,0.227],[0.063,0.083],[0.029,0.042],[0.056,0.079],[0.126,0.198],[0.114,0.194],[0.011,0.018],[0.01,0.018],[0.084,0.158],[0.092,0.193],[0.077,0.176],[0.005,0.011],[0.005,0.01],[0.077,0.201],[0.07,0.214],[0.031,0.106],[0.012,0.047],[0.022,0.077],[0.054,0.257],[0.027,0.154],[0.013,0.08],[0.009,0.075],[-0.001,0.427],[0,0],[0,0]],"o":[[0,0],[0,0],[0,0],[-0.002,0.501],[0.013,0.083],[0.085,0.483],[0.014,0.044],[0.164,0.533],[0.004,0.011],[0.234,0.534],[0.009,0.016],[0.287,0.496],[0.032,0.043],[0.31,0.418],[0.073,0.081],[0.273,0.285],[0.13,0.112],[0.408,0.326],[0,0],[0.425,0.246],[0.079,0.03],[0.381,0.119],[0.033,0.002],[0.013,0.001],[0,0],[0,0],[0,0],[-0.011,0.007],[-0.109,0.063],[-0.114,0.045],[-0.077,0.022],[-0.018,0.006],[-0.031,0.005],[-0.132,0.022],[-0.145,0.009],[-0.046,-0.002],[-0.033,-0.004],[-0.086,-0.008],[-0.193,-0.029],[-0.082,-0.023],[-0.078,-0.026],[-0.101,-0.037],[-0.304,-0.127],[0,0],[-0.435,-0.251],[-0.132,-0.104],[-0.197,-0.171],[-0.089,-0.088],[-0.075,-0.078],[-0.083,-0.09],[-0.188,-0.214],[-0.062,-0.082],[-0.03,-0.042],[-0.058,-0.077],[-0.133,-0.191],[-0.121,-0.187],[-0.009,-0.017],[-0.007,-0.014],[-0.089,-0.154],[-0.101,-0.19],[-0.085,-0.175],[-0.005,-0.009],[-0.004,-0.009],[-0.087,-0.2],[-0.082,-0.211],[-0.035,-0.105],[-0.015,-0.046],[-0.023,-0.077],[-0.071,-0.256],[-0.033,-0.155],[-0.013,-0.082],[-0.011,-0.076],[-0.056,-0.443],[0,0],[0,0],[0,0]],"v":[[-9.861,-17.29],[-9.861,-17.29],[-8.391,-16.438],[-8.421,-5.449],[-8.297,-3.915],[-8.254,-3.669],[-7.915,-2.206],[-7.874,-2.07],[-7.288,-0.483],[-7.275,-0.454],[-6.483,1.115],[-6.456,1.163],[-5.519,2.601],[-5.423,2.726],[-4.441,3.911],[-4.219,4.147],[-3.37,4.945],[-2.98,5.284],[-1.717,6.162],[11.546,13.819],[12.783,14.387],[13.017,14.47],[14.122,14.708],[14.216,14.778],[14.254,14.84],[14.096,14.84],[14.096,15.469],[11.842,16.832],[11.851,16.852],[11.535,17.021],[11.189,17.146],[10.957,17.2],[10.905,17.213],[10.819,17.233],[10.413,17.281],[9.966,17.285],[9.825,17.27],[9.728,17.261],[9.465,17.235],[8.874,17.108],[8.626,17.023],[8.389,16.94],[8.087,16.835],[7.155,16.372],[-6.111,8.714],[-7.376,7.836],[-7.761,7.498],[-8.352,6.977],[-8.611,6.7],[-8.832,6.464],[-9.085,6.194],[-9.633,5.531],[-9.818,5.28],[-9.909,5.154],[-10.081,4.923],[-10.47,4.34],[-10.819,3.769],[-10.85,3.715],[-10.874,3.668],[-11.136,3.202],[-11.426,2.628],[-11.668,2.099],[-11.681,2.07],[-11.694,2.041],[-11.941,1.438],[-12.17,0.8],[-12.266,0.483],[-12.308,0.346],[-12.379,0.114],[-12.569,-0.657],[-12.649,-1.119],[-12.691,-1.36],[-12.728,-1.588],[-12.814,-2.896],[-12.782,-13.887],[-14.254,-14.737]]},"ix":2}},{"ty":"fl","bm":0,"hd":false,"mn":"ADBE Vector Graphic - Fill","nm":"Fill 1","c":{"a":0,"k":[0.9373,0.3686,0.3608],"ix":4},"r":1,"o":{"a":0,"k":100,"ix":5}},{"ty":"tr","a":{"a":0,"k":[0,0],"ix":1},"s":{"a":0,"k":[100,100],"ix":3},"sk":{"a":0,"k":0,"ix":4},"p":{"a":0,"k":[115.817,65.684],"ix":2},"r":{"a":0,"k":0,"ix":6},"sa":{"a":0,"k":0,"ix":5},"o":{"a":0,"k":100,"ix":7}}]},{"ty":"gr","bm":0,"hd":false,"mn":"ADBE Vector Group","nm":"Group 11","ix":11,"cix":2,"np":2,"it":[{"ty":"sh","bm":0,"hd":false,"mn":"ADBE Vector Shape - Group","nm":"Path 1","ix":1,"d":1,"ks":{"a":0,"k":{"c":true,"i":[[-0.3,1.757],[0,0.465],[0,0],[0,0],[0,0],[0,0],[0,0],[1.472,-0.856],[0,0]],"o":[[0,0],[0,0],[0,0],[0,0],[0,0],[0,0],[-0.007,2.58],[0,0],[1.157,-0.671]],"v":[[-1.161,6.112],[-1.015,4.569],[-0.983,-6.42],[-2.456,-7.269],[1.937,-9.821],[3.41,-8.971],[3.378,2.018],[0.984,7.268],[-3.41,9.821]]},"ix":2}},{"ty":"fl","bm":0,"hd":false,"mn":"ADBE Vector Graphic - Fill","nm":"Fill 1","c":{"a":0,"k":[0.9373,0.3686,0.3608],"ix":4},"r":1,"o":{"a":0,"k":100,"ix":5}},{"ty":"tr","a":{"a":0,"k":[0,0],"ix":1},"s":{"a":0,"k":[100,100],"ix":3},"sk":{"a":0,"k":0,"ix":4},"p":{"a":0,"k":[132.205,74.491],"ix":2},"r":{"a":0,"k":0,"ix":6},"sa":{"a":0,"k":0,"ix":5},"o":{"a":0,"k":100,"ix":7}}]},{"ty":"gr","bm":0,"hd":false,"mn":"ADBE Vector Group","nm":"Group 12","ix":12,"cix":2,"np":2,"it":[{"ty":"sh","bm":0,"hd":false,"mn":"ADBE Vector Shape - Group","nm":"Path 1","ix":1,"d":1,"ks":{"a":0,"k":{"c":true,"i":[[0,0],[0,0],[-3.713,-2.143],[0,0],[-0.013,4.251],[0,0],[0,0],[0,0],[4.509,2.604],[0,0],[-0.015,5.198],[0,0]],"o":[[0,0],[-0.013,4.253],[0,0],[3.701,2.137],[0,0],[0,0],[0,0],[-0.015,5.197],[0,0],[-4.524,-2.612],[0,0],[0,0]],"v":[[-13.334,-16.852],[-13.365,-5.863],[-6.663,5.748],[6.603,13.408],[13.35,9.564],[13.381,-1.428],[14.853,-0.577],[14.822,10.411],[6.598,15.098],[-6.667,7.441],[-14.838,-6.712],[-14.806,-17.702]]},"ix":2}},{"ty":"fl","bm":0,"hd":false,"mn":"ADBE Vector Graphic - Fill","nm":"Fill 1","c":{"a":0,"k":[0.9373,0.3686,0.3608],"ix":4},"r":1,"o":{"a":0,"k":100,"ix":5}},{"ty":"tr","a":{"a":0,"k":[0,0],"ix":1},"s":{"a":0,"k":[100,100],"ix":3},"sk":{"a":0,"k":0,"ix":4},"p":{"a":0,"k":[75.694,84.332],"ix":2},"r":{"a":0,"k":0,"ix":6},"sa":{"a":0,"k":0,"ix":5},"o":{"a":0,"k":100,"ix":7}}]},{"ty":"gr","bm":0,"hd":false,"mn":"ADBE Vector Group","nm":"Group 13","ix":13,"cix":2,"np":2,"it":[{"ty":"sh","bm":0,"hd":false,"mn":"ADBE Vector Shape - Group","nm":"Path 1","ix":1,"d":1,"ks":{"a":0,"k":{"c":true,"i":[[0,0],[0,0],[-0.077,-0.52],[-0.013,-0.081],[-0.146,-0.489],[-0.015,-0.046],[-0.227,-0.524],[-0.006,-0.009],[-0.294,-0.512],[-0.009,-0.017],[-0.335,-0.46],[-0.031,-0.043],[-0.344,-0.373],[-0.075,-0.078],[-0.29,-0.253],[-0.134,-0.107],[-0.434,-0.251],[0,0],[-0.403,-0.144],[-0.078,-0.024],[-0.353,-0.033],[-0.031,-0.002],[-0.01,0],[0,0],[0,0],[0,0],[0.013,-0.006],[0.117,-0.047],[0.122,-0.035],[0.08,-0.018],[0.019,-0.006],[0.03,-0.005],[0.14,-0.008],[0.153,0.006],[0.046,0.004],[0.033,0.003],[0.089,0.013],[0.2,0.056],[0.083,0.026],[0.078,0.029],[0.104,0.044],[0.317,0.181],[0,0],[0.411,0.328],[0.13,0.112],[0.189,0.188],[0.088,0.092],[0.074,0.08],[0.081,0.093],[0.176,0.227],[0.062,0.084],[0.03,0.043],[0.053,0.076],[0.127,0.196],[0.112,0.192],[0.01,0.018],[0.009,0.017],[0.083,0.158],[0.093,0.193],[0.078,0.175],[0.003,0.01],[0.004,0.007],[0.077,0.204],[0.07,0.212],[0.032,0.106],[0.014,0.048],[0.022,0.077],[0.055,0.257],[0.027,0.156],[0.012,0.081],[0.008,0.075],[-0.001,0.428],[0,0],[0,0],[0,0]],"o":[[0,0],[-0.001,0.502],[0.013,0.081],[0.085,0.485],[0.013,0.046],[0.163,0.531],[0.005,0.009],[0.234,0.532],[0.009,0.014],[0.288,0.496],[0.031,0.042],[0.31,0.416],[0.072,0.081],[0.274,0.285],[0.129,0.114],[0.41,0.328],[0,0],[0.423,0.244],[0.079,0.027],[0.379,0.121],[0.032,0.004],[0.012,0.002],[0,0],[0,0],[0,0],[-0.012,0.008],[-0.109,0.062],[-0.115,0.05],[-0.077,0.024],[-0.019,0.004],[-0.029,0.004],[-0.132,0.024],[-0.144,0.009],[-0.044,-0.003],[-0.033,-0.003],[-0.088,-0.008],[-0.192,-0.029],[-0.082,-0.022],[-0.078,-0.023],[-0.102,-0.037],[-0.305,-0.124],[0,0],[-0.433,-0.249],[-0.132,-0.106],[-0.197,-0.172],[-0.091,-0.088],[-0.074,-0.078],[-0.083,-0.092],[-0.189,-0.216],[-0.064,-0.082],[-0.032,-0.042],[-0.057,-0.076],[-0.135,-0.193],[-0.119,-0.189],[-0.01,-0.016],[-0.01,-0.016],[-0.089,-0.153],[-0.101,-0.19],[-0.083,-0.173],[-0.003,-0.011],[-0.005,-0.01],[-0.088,-0.202],[-0.08,-0.21],[-0.036,-0.105],[-0.014,-0.046],[-0.023,-0.077],[-0.071,-0.258],[-0.033,-0.156],[-0.014,-0.081],[-0.012,-0.075],[-0.058,-0.444],[0,0],[0,0],[0,0],[0,0]],"v":[[-8.387,-16.44],[-8.418,-5.451],[-8.294,-3.916],[-8.252,-3.671],[-7.912,-2.208],[-7.87,-2.07],[-7.286,-0.483],[-7.271,-0.454],[-6.479,1.115],[-6.453,1.163],[-5.514,2.599],[-5.421,2.726],[-4.437,3.909],[-4.216,4.147],[-3.366,4.943],[-2.978,5.284],[-1.714,6.162],[11.55,13.819],[12.787,14.387],[13.021,14.468],[14.125,14.706],[14.22,14.836],[14.252,14.957],[14.144,14.957],[14.144,15.468],[11.868,16.831],[11.9,16.852],[11.561,17.018],[11.203,17.143],[10.966,17.2],[10.91,17.213],[10.823,17.231],[10.416,17.279],[9.969,17.284],[9.828,17.269],[9.732,17.259],[9.469,17.233],[8.879,17.106],[8.628,17.02],[8.394,16.94],[8.089,16.833],[7.156,16.372],[-6.108,8.712],[-7.372,7.836],[-7.757,7.497],[-8.347,6.977],[-8.609,6.7],[-8.83,6.464],[-9.081,6.196],[-9.628,5.531],[-9.814,5.278],[-9.906,5.153],[-10.076,4.923],[-10.468,4.34],[-10.815,3.768],[-10.845,3.715],[-10.872,3.667],[-11.132,3.2],[-11.424,2.626],[-11.665,2.101],[-11.677,2.069],[-11.691,2.042],[-11.939,1.435],[-12.166,0.8],[-12.264,0.483],[-12.306,0.345],[-12.377,0.114],[-12.565,-0.657],[-12.645,-1.121],[-12.686,-1.363],[-12.724,-1.588],[-12.81,-2.898],[-12.779,-13.887],[-14.252,-14.736],[-9.86,-17.29]]},"ix":2}},{"ty":"fl","bm":0,"hd":false,"mn":"ADBE Vector Graphic - Fill","nm":"Fill 1","c":{"a":0,"k":[0.9373,0.3686,0.3608],"ix":4},"r":1,"o":{"a":0,"k":100,"ix":5}},{"ty":"tr","a":{"a":0,"k":[0,0],"ix":1},"s":{"a":0,"k":[100,100],"ix":3},"sk":{"a":0,"k":0,"ix":4},"p":{"a":0,"k":[75.14,81.368],"ix":2},"r":{"a":0,"k":0,"ix":6},"sa":{"a":0,"k":0,"ix":5},"o":{"a":0,"k":100,"ix":7}}]},{"ty":"gr","bm":0,"hd":false,"mn":"ADBE Vector Group","nm":"Group 14","ix":14,"cix":2,"np":2,"it":[{"ty":"sh","bm":0,"hd":false,"mn":"ADBE Vector Shape - Group","nm":"Path 1","ix":1,"d":1,"ks":{"a":0,"k":{"c":true,"i":[[-0.298,1.759],[-0.001,0.464],[0,0],[0,0],[0,0],[0,0],[0,0],[1.474,-0.856],[0,0]],"o":[[0,0],[0,0],[0,0],[0,0],[0,0],[0,0],[-0.006,2.58],[0,0],[1.153,-0.67]],"v":[[-1.162,6.112],[-1.016,4.573],[-0.984,-6.417],[-2.456,-7.268],[1.935,-9.82],[3.409,-8.97],[3.376,2.018],[0.982,7.271],[-3.409,9.82]]},"ix":2}},{"ty":"fl","bm":0,"hd":false,"mn":"ADBE Vector Graphic - Fill","nm":"Fill 1","c":{"a":0,"k":[0.9373,0.3686,0.3608],"ix":4},"r":1,"o":{"a":0,"k":100,"ix":5}},{"ty":"tr","a":{"a":0,"k":[0,0],"ix":1},"s":{"a":0,"k":[100,100],"ix":3},"sk":{"a":0,"k":0,"ix":4},"p":{"a":0,"k":[91.531,90.172],"ix":2},"r":{"a":0,"k":0,"ix":6},"sa":{"a":0,"k":0,"ix":5},"o":{"a":0,"k":100,"ix":7}}]}],"ind":9}],"v":"5.7.0","fr":25,"op":251,"ip":0,"assets":[]}